"","County","Year","Personal_Income","Personal_Income_Per_Capita"
"1","Adair",2000,210176000,25560
"2","Adair",2001,211414000,25998
"3","Adair",2002,218311000,27089
"4","Adair",2003,215116000,26722
"5","Adair",2004,247285000,30837
"6","Adair",2005,227720000,28709
"7","Adair",2006,236216000,29810
"8","Adair",2007,250452000,31820
"9","Adair",2008,290010000,37435
"10","Adair",2009,273172000,35588
"11","Adair",2010,269269000,35015
"12","Adair",2011,305853000,40249
"13","Adair",2012,308847000,40842
"14","Adair",2013,323696000,43033
"15","Adair",2014,326700000,43300
"16","Adair",2015,333921000,45382
"17","Adair",2016,321714000,44319
"18","Adair",2017,341340000,46485
"19","Adair",2018,364228000,49454
"20","Adair",2019,369640000,49391
"21","Adair",2020,401259000,53544
"22","Adair",2021,488333000,64783
"23","Adair",2022,507103000,67668
"24","Adams",2000,119680000,26738
"25","Adams",2001,113592000,25805
"26","Adams",2002,118509000,27119
"27","Adams",2003,112878000,25860
"28","Adams",2004,134258000,31172
"29","Adams",2005,123386000,29197
"30","Adams",2006,116672000,27621
"31","Adams",2007,127307000,30347
"32","Adams",2008,153209000,36909
"33","Adams",2009,148873000,36786
"34","Adams",2010,149857000,37222
"35","Adams",2011,188544000,47030
"36","Adams",2012,186988000,47507
"37","Adams",2013,217383000,55342
"38","Adams",2014,223511000,56975
"39","Adams",2015,243037000,63773
"40","Adams",2016,220764000,58729
"41","Adams",2017,210848000,56452
"42","Adams",2018,210662000,56660
"43","Adams",2019,202471000,54678
"44","Adams",2020,194366000,52390
"45","Adams",2021,234343000,64345
"46","Adams",2022,244311000,67657
"47","Allamakee",2000,330190000,22502
"48","Allamakee",2001,338996000,23651
"49","Allamakee",2002,348114000,24362
"50","Allamakee",2003,355247000,24765
"51","Allamakee",2004,383189000,26752
"52","Allamakee",2005,398089000,27701
"53","Allamakee",2006,413647000,28769
"54","Allamakee",2007,437232000,30501
"55","Allamakee",2008,460818000,32169
"56","Allamakee",2009,450250000,31568
"57","Allamakee",2010,496506000,34508
"58","Allamakee",2011,539268000,37769
"59","Allamakee",2012,545641000,38296
"60","Allamakee",2013,572507000,40275
"61","Allamakee",2014,589452000,41362
"62","Allamakee",2015,583744000,41386
"63","Allamakee",2016,590379000,41832
"64","Allamakee",2017,611775000,43324
"65","Allamakee",2018,638226000,44993
"66","Allamakee",2019,650953000,46292
"67","Allamakee",2020,684221000,48637
"68","Allamakee",2021,747795000,53536
"69","Allamakee",2022,768013000,55015
"70","Appanoose",2000,287090000,20962
"71","Appanoose",2001,287728000,21191
"72","Appanoose",2002,297954000,22202
"73","Appanoose",2003,305545000,22596
"74","Appanoose",2004,328452000,24398
"75","Appanoose",2005,326593000,24277
"76","Appanoose",2006,342301000,25700
"77","Appanoose",2007,346942000,26474
"78","Appanoose",2008,376091000,29042
"79","Appanoose",2009,382714000,29677
"80","Appanoose",2010,383113000,29798
"81","Appanoose",2011,400452000,31200
"82","Appanoose",2012,407597000,32140
"83","Appanoose",2013,409096000,32434
"84","Appanoose",2014,414421000,32844
"85","Appanoose",2015,430721000,34419
"86","Appanoose",2016,438863000,35310
"87","Appanoose",2017,460282000,37519
"88","Appanoose",2018,475021000,38454
"89","Appanoose",2019,485141000,39137
"90","Appanoose",2020,525619000,42785
"91","Appanoose",2021,576515000,47001
"92","Appanoose",2022,577838000,47779
"93","Audubon",2000,171210000,25163
"94","Audubon",2001,169030000,25365
"95","Audubon",2002,174704000,26583
"96","Audubon",2003,173067000,26712
"97","Audubon",2004,212169000,32997
"98","Audubon",2005,204566000,32348
"99","Audubon",2006,209597000,33455
"100","Audubon",2007,223555000,35930
"101","Audubon",2008,248366000,40059
"102","Audubon",2009,226760000,36956
"103","Audubon",2010,240151000,39375
"104","Audubon",2011,289954000,48125
"105","Audubon",2012,262352000,44421
"106","Audubon",2013,276973000,46754
"107","Audubon",2014,256080000,43767
"108","Audubon",2015,250759000,43167
"109","Audubon",2016,243437000,42374
"110","Audubon",2017,254835000,44810
"111","Audubon",2018,274949000,48776
"112","Audubon",2019,280003000,49427
"113","Audubon",2020,291378000,51290
"114","Audubon",2021,365739000,64561
"115","Audubon",2022,386851000,69105
"116","Benton",2000,677817000,26764
"117","Benton",2001,697877000,27333
"118","Benton",2002,710146000,27494
"119","Benton",2003,710535000,27385
"120","Benton",2004,777323000,29690
"121","Benton",2005,787482000,29982
"122","Benton",2006,827185000,31648
"123","Benton",2007,912818000,35019
"124","Benton",2008,1003604000,38457
"125","Benton",2009,1010155000,38678
"126","Benton",2010,1050685000,40329
"127","Benton",2011,1114199000,42696
"128","Benton",2012,1143304000,44213
"129","Benton",2013,1177077000,45726
"130","Benton",2014,1206431000,46985
"131","Benton",2015,1241796000,48358
"132","Benton",2016,1251525000,48663
"133","Benton",2017,1293889000,50250
"134","Benton",2018,1332819000,51948
"135","Benton",2019,1374289000,53541
"136","Benton",2020,1422891000,55725
"137","Benton",2021,1630582000,63400
"138","Benton",2022,1785113000,69430
"139","Black Hawk",2000,3195184000,24959
"140","Black Hawk",2001,3266086000,25563
"141","Black Hawk",2002,3409093000,26869
"142","Black Hawk",2003,3476949000,27488
"143","Black Hawk",2004,3690791000,29134
"144","Black Hawk",2005,3793770000,29867
"145","Black Hawk",2006,4007913000,31438
"146","Black Hawk",2007,4218938000,33023
"147","Black Hawk",2008,4470088000,34597
"148","Black Hawk",2009,4492239000,34398
"149","Black Hawk",2010,4581776000,34930
"150","Black Hawk",2011,4885140000,37112
"151","Black Hawk",2012,5093312000,38597
"152","Black Hawk",2013,5097542000,38312
"153","Black Hawk",2014,5287881000,39595
"154","Black Hawk",2015,5393553000,40278
"155","Black Hawk",2016,5397651000,40489
"156","Black Hawk",2017,5531612000,41757
"157","Black Hawk",2018,5878409000,44537
"158","Black Hawk",2019,5924028000,45107
"159","Black Hawk",2020,6453677000,49252
"160","Black Hawk",2021,6847762000,52431
"161","Black Hawk",2022,6965825000,53471
"162","Boone",2000,732931000,27920
"163","Boone",2001,751079000,28614
"164","Boone",2002,785840000,30125
"165","Boone",2003,815907000,31103
"166","Boone",2004,868685000,32940
"167","Boone",2005,873369000,32957
"168","Boone",2006,943139000,35629
"169","Boone",2007,986889000,37167
"170","Boone",2008,1016982000,38443
"171","Boone",2009,1036875000,39335
"172","Boone",2010,1031657000,39253
"173","Boone",2011,1114482000,42313
"174","Boone",2012,1130719000,43106
"175","Boone",2013,1180438000,44663
"176","Boone",2014,1186304000,44798
"177","Boone",2015,1190879000,44621
"178","Boone",2016,1184154000,44355
"179","Boone",2017,1193847000,44540
"180","Boone",2018,1237452000,46341
"181","Boone",2019,1265590000,47354
"182","Boone",2020,1325357000,49639
"183","Boone",2021,1433049000,53520
"184","Boone",2022,1438527000,54062
"185","Bremer",2000,610142000,26173
"186","Bremer",2001,632882000,26924
"187","Bremer",2002,645678000,27610
"188","Bremer",2003,645314000,27403
"189","Bremer",2004,728563000,30705
"190","Bremer",2005,752240000,31563
"191","Bremer",2006,787813000,32752
"192","Bremer",2007,848543000,35010
"193","Bremer",2008,894467000,37020
"194","Bremer",2009,886992000,36678
"195","Bremer",2010,933156000,38419
"196","Bremer",2011,1012228000,41578
"197","Bremer",2012,1056906000,43263
"198","Bremer",2013,1051358000,42939
"199","Bremer",2014,1064822000,43379
"200","Bremer",2015,1093269000,44453
"201","Bremer",2016,1108183000,45043
"202","Bremer",2017,1150090000,46681
"203","Bremer",2018,1203641000,48601
"204","Bremer",2019,1239833000,49833
"205","Bremer",2020,1321464000,52852
"206","Bremer",2021,1447881000,57634
"207","Bremer",2022,1503963000,59542
"208","Buchanan",2000,505504000,23998
"209","Buchanan",2001,523311000,24977
"210","Buchanan",2002,525333000,25261
"211","Buchanan",2003,532118000,25556
"212","Buchanan",2004,584703000,27963
"213","Buchanan",2005,607847000,29180
"214","Buchanan",2006,637481000,30419
"215","Buchanan",2007,693808000,32930
"216","Buchanan",2008,727089000,34371
"217","Buchanan",2009,748676000,35624
"218","Buchanan",2010,777566000,37101
"219","Buchanan",2011,870452000,41794
"220","Buchanan",2012,872173000,41843
"221","Buchanan",2013,915844000,44010
"222","Buchanan",2014,904125000,43365
"223","Buchanan",2015,922008000,44419
"224","Buchanan",2016,918502000,44624
"225","Buchanan",2017,953931000,46202
"226","Buchanan",2018,998516000,48500
"227","Buchanan",2019,1003558000,48883
"228","Buchanan",2020,1050017000,50957
"229","Buchanan",2021,1192733000,57628
"230","Buchanan",2022,1244022000,60057
"231","Buena Vista",2000,504239000,24765
"232","Buena Vista",2001,519770000,25679
"233","Buena Vista",2002,527124000,26053
"234","Buena Vista",2003,519199000,25778
"235","Buena Vista",2004,574463000,28723
"236","Buena Vista",2005,568868000,28486
"237","Buena Vista",2006,586667000,29467
"238","Buena Vista",2007,637337000,32192
"239","Buena Vista",2008,723542000,36441
"240","Buena Vista",2009,693629000,34675
"241","Buena Vista",2010,756957000,37140
"242","Buena Vista",2011,851608000,41676
"243","Buena Vista",2012,896637000,43137
"244","Buena Vista",2013,909300000,43341
"245","Buena Vista",2014,908882000,43196
"246","Buena Vista",2015,903032000,43201
"247","Buena Vista",2016,795160000,37941
"248","Buena Vista",2017,838631000,40160
"249","Buena Vista",2018,887749000,43049
"250","Buena Vista",2019,862130000,41849
"251","Buena Vista",2020,921706000,44294
"252","Buena Vista",2021,1023166000,49269
"253","Buena Vista",2022,1119428000,54341
"254","Butler",2000,368335000,24076
"255","Butler",2001,382647000,25400
"256","Butler",2002,386648000,25904
"257","Butler",2003,383384000,25663
"258","Butler",2004,453592000,30270
"259","Butler",2005,458712000,30652
"260","Butler",2006,471142000,31555
"261","Butler",2007,521195000,34837
"262","Butler",2008,532258000,35586
"263","Butler",2009,531105000,36132
"264","Butler",2010,565455000,37912
"265","Butler",2011,654100000,43712
"266","Butler",2012,634467000,42385
"267","Butler",2013,639393000,42714
"268","Butler",2014,604573000,40434
"269","Butler",2015,608096000,40886
"270","Butler",2016,607645000,41379
"271","Butler",2017,625815000,42914
"272","Butler",2018,658534000,45400
"273","Butler",2019,664731000,46191
"274","Butler",2020,693994000,48423
"275","Butler",2021,823384000,57331
"276","Butler",2022,857359000,60085
"277","Calhoun",2000,259754000,23427
"278","Calhoun",2001,266895000,24445
"279","Calhoun",2002,271449000,25409
"280","Calhoun",2003,277244000,26434
"281","Calhoun",2004,319952000,30818
"282","Calhoun",2005,322877000,31568
"283","Calhoun",2006,328237000,32521
"284","Calhoun",2007,369041000,37101
"285","Calhoun",2008,410279000,41674
"286","Calhoun",2009,368982000,38102
"287","Calhoun",2010,397610000,39096
"288","Calhoun",2011,460455000,45513
"289","Calhoun",2012,452412000,45214
"290","Calhoun",2013,484551000,48281
"291","Calhoun",2014,452648000,45161
"292","Calhoun",2015,434659000,43375
"293","Calhoun",2016,435772000,43270
"294","Calhoun",2017,437347000,43595
"295","Calhoun",2018,466887000,46712
"296","Calhoun",2019,470505000,47060
"297","Calhoun",2020,485679000,49148
"298","Calhoun",2021,588417000,59532
"299","Calhoun",2022,625123000,64280
"300","Carroll",2000,568476000,26587
"301","Carroll",2001,592841000,27931
"302","Carroll",2002,596218000,28178
"303","Carroll",2003,598553000,28470
"304","Carroll",2004,678732000,32419
"305","Carroll",2005,675748000,32220
"306","Carroll",2006,715216000,34333
"307","Carroll",2007,753887000,36125
"308","Carroll",2008,819627000,39515
"309","Carroll",2009,787118000,37946
"310","Carroll",2010,845350000,40558
"311","Carroll",2011,942399000,44962
"312","Carroll",2012,946343000,45425
"313","Carroll",2013,986565000,47438
"314","Carroll",2014,984089000,47239
"315","Carroll",2015,1005929000,48276
"316","Carroll",2016,994526000,47681
"317","Carroll",2017,1022141000,49073
"318","Carroll",2018,1080334000,52067
"319","Carroll",2019,1067093000,51189
"320","Carroll",2020,1128741000,54473
"321","Carroll",2021,1255429000,60497
"322","Carroll",2022,1331815000,64755
"323","Cass",2000,374843000,25543
"324","Cass",2001,366203000,25276
"325","Cass",2002,373573000,26230
"326","Cass",2003,373911000,26193
"327","Cass",2004,416595000,29458
"328","Cass",2005,413176000,29508
"329","Cass",2006,426195000,30397
"330","Cass",2007,450481000,32205
"331","Cass",2008,497721000,35717
"332","Cass",2009,481435000,34514
"333","Cass",2010,488706000,35073
"334","Cass",2011,533208000,38638
"335","Cass",2012,540846000,39289
"336","Cass",2013,555771000,40665
"337","Cass",2014,561408000,41521
"338","Cass",2015,584727000,43281
"339","Cass",2016,565626000,42268
"340","Cass",2017,582987000,43607
"341","Cass",2018,605524000,45880
"342","Cass",2019,619405000,47326
"343","Cass",2020,651822000,49689
"344","Cass",2021,740764000,56698
"345","Cass",2022,773968000,59063
"346","Cedar",2000,518764000,28505
"347","Cedar",2001,527381000,29095
"348","Cedar",2002,536569000,29563
"349","Cedar",2003,543917000,29846
"350","Cedar",2004,577139000,31628
"351","Cedar",2005,575116000,31577
"352","Cedar",2006,618203000,33723
"353","Cedar",2007,666754000,36393
"354","Cedar",2008,721061000,39061
"355","Cedar",2009,713538000,38657
"356","Cedar",2010,726546000,39373
"357","Cedar",2011,817571000,44520
"358","Cedar",2012,852792000,46593
"359","Cedar",2013,887026000,48644
"360","Cedar",2014,895614000,48978
"361","Cedar",2015,915474000,50114
"362","Cedar",2016,919618000,50077
"363","Cedar",2017,934378000,50499
"364","Cedar",2018,983706000,53102
"365","Cedar",2019,991288000,53410
"366","Cedar",2020,1026633000,55521
"367","Cedar",2021,1155897000,62671
"368","Cedar",2022,1201891000,65324
"369","Cerro Gordo",2000,1241748000,26768
"370","Cerro Gordo",2001,1267026000,27638
"371","Cerro Gordo",2002,1290712000,28411
"372","Cerro Gordo",2003,1386034000,30521
"373","Cerro Gordo",2004,1510661000,33575
"374","Cerro Gordo",2005,1575281000,35209
"375","Cerro Gordo",2006,1598257000,35891
"376","Cerro Gordo",2007,1683251000,37859
"377","Cerro Gordo",2008,1769395000,39955
"378","Cerro Gordo",2009,1683360000,38051
"379","Cerro Gordo",2010,1714665000,38864
"380","Cerro Gordo",2011,1819106000,41265
"381","Cerro Gordo",2012,1935402000,44083
"382","Cerro Gordo",2013,1982827000,45243
"383","Cerro Gordo",2014,2148432000,49276
"384","Cerro Gordo",2015,2227569000,51246
"385","Cerro Gordo",2016,2171200000,49731
"386","Cerro Gordo",2017,2093501000,47939
"387","Cerro Gordo",2018,2151611000,49616
"388","Cerro Gordo",2019,2135491000,49337
"389","Cerro Gordo",2020,2251509000,52333
"390","Cerro Gordo",2021,2622857000,61338
"391","Cerro Gordo",2022,2874347000,67777
"392","Cherokee",2000,329163000,25283
"393","Cherokee",2001,352964000,27351
"394","Cherokee",2002,358197000,28238
"395","Cherokee",2003,364390000,28968
"396","Cherokee",2004,401313000,32079
"397","Cherokee",2005,426327000,34437
"398","Cherokee",2006,558909000,45756
"399","Cherokee",2007,626924000,51590
"400","Cherokee",2008,580670000,48333
"401","Cherokee",2009,461834000,38637
"402","Cherokee",2010,465355000,38392
"403","Cherokee",2011,529538000,43818
"404","Cherokee",2012,567879000,47100
"405","Cherokee",2013,579510000,48192
"406","Cherokee",2014,629268000,52452
"407","Cherokee",2015,647866000,55269
"408","Cherokee",2016,627425000,53801
"409","Cherokee",2017,617650000,53090
"410","Cherokee",2018,668143000,57381
"411","Cherokee",2019,622652000,53511
"412","Cherokee",2020,632271000,54212
"413","Cherokee",2021,781329000,67753
"414","Cherokee",2022,956526000,83241
"415","Chickasaw",2000,324935000,24676
"416","Chickasaw",2001,313397000,23757
"417","Chickasaw",2002,314293000,24287
"418","Chickasaw",2003,314228000,24607
"419","Chickasaw",2004,350434000,27613
"420","Chickasaw",2005,363637000,28950
"421","Chickasaw",2006,381938000,30305
"422","Chickasaw",2007,418338000,33360
"423","Chickasaw",2008,447261000,35864
"424","Chickasaw",2009,437922000,35132
"425","Chickasaw",2010,479903000,38658
"426","Chickasaw",2011,542423000,43656
"427","Chickasaw",2012,551275000,44739
"428","Chickasaw",2013,587607000,47695
"429","Chickasaw",2014,624606000,50736
"430","Chickasaw",2015,656842000,53721
"431","Chickasaw",2016,637982000,52349
"432","Chickasaw",2017,639943000,52844
"433","Chickasaw",2018,681186000,56380
"434","Chickasaw",2019,654676000,54226
"435","Chickasaw",2020,676585000,56429
"436","Chickasaw",2021,869387000,73064
"437","Chickasaw",2022,1044891000,89185
"438","Clarke",2000,193685000,21066
"439","Clarke",2001,195668000,21252
"440","Clarke",2002,200871000,21803
"441","Clarke",2003,211372000,22772
"442","Clarke",2004,227314000,24424
"443","Clarke",2005,239171000,26053
"444","Clarke",2006,249908000,27176
"445","Clarke",2007,264257000,28884
"446","Clarke",2008,288758000,31329
"447","Clarke",2009,280211000,30365
"448","Clarke",2010,290432000,31129
"449","Clarke",2011,303621000,32428
"450","Clarke",2012,311443000,33058
"451","Clarke",2013,322863000,34490
"452","Clarke",2014,331663000,35495
"453","Clarke",2015,354073000,37659
"454","Clarke",2016,349245000,36685
"455","Clarke",2017,367516000,38037
"456","Clarke",2018,387179000,39520
"457","Clarke",2019,378932000,38969
"458","Clarke",2020,416575000,42831
"459","Clarke",2021,446437000,45760
"460","Clarke",2022,468275000,48316
"461","Clay",2000,474962000,27360
"462","Clay",2001,474473000,27496
"463","Clay",2002,469271000,27465
"464","Clay",2003,488849000,28781
"465","Clay",2004,526771000,31060
"466","Clay",2005,527518000,31310
"467","Clay",2006,546892000,32530
"468","Clay",2007,594634000,35554
"469","Clay",2008,657272000,39365
"470","Clay",2009,621891000,37221
"471","Clay",2010,654715000,39341
"472","Clay",2011,731185000,43931
"473","Clay",2012,757011000,45543
"474","Clay",2013,758011000,45776
"475","Clay",2014,764059000,45920
"476","Clay",2015,793555000,47544
"477","Clay",2016,737571000,44626
"478","Clay",2017,746335000,45475
"479","Clay",2018,791665000,48082
"480","Clay",2019,804622000,48982
"481","Clay",2020,875578000,53601
"482","Clay",2021,975367000,59372
"483","Clay",2022,1021016000,61974
"484","Clayton",2000,446832000,24009
"485","Clayton",2001,459736000,24812
"486","Clayton",2002,463343000,25224
"487","Clayton",2003,474295000,25837
"488","Clayton",2004,513425000,27967
"489","Clayton",2005,515184000,28200
"490","Clayton",2006,529500000,28979
"491","Clayton",2007,577068000,31605
"492","Clayton",2008,618376000,33960
"493","Clayton",2009,591619000,32533
"494","Clayton",2010,638632000,35338
"495","Clayton",2011,724324000,40289
"496","Clayton",2012,749712000,41942
"497","Clayton",2013,751979000,42511
"498","Clayton",2014,776875000,44051
"499","Clayton",2015,792604000,45137
"500","Clayton",2016,788204000,45143
"501","Clayton",2017,829641000,47629
"502","Clayton",2018,840822000,48721
"503","Clayton",2019,869279000,50510
"504","Clayton",2020,923167000,54208
"505","Clayton",2021,1034767000,60701
"506","Clayton",2022,1098576000,64520
"507","Clinton",2000,1230538000,24552
"508","Clinton",2001,1278969000,25636
"509","Clinton",2002,1319313000,26567
"510","Clinton",2003,1324938000,26721
"511","Clinton",2004,1399102000,28266
"512","Clinton",2005,1424850000,28799
"513","Clinton",2006,1504252000,30397
"514","Clinton",2007,1594626000,32318
"515","Clinton",2008,1670019000,33873
"516","Clinton",2009,1670061000,33981
"517","Clinton",2010,1728170000,35202
"518","Clinton",2011,1850663000,37683
"519","Clinton",2012,1873270000,38447
"520","Clinton",2013,1873364000,38774
"521","Clinton",2014,1861848000,38834
"522","Clinton",2015,1936013000,40654
"523","Clinton",2016,1943378000,41071
"524","Clinton",2017,1957600000,41682
"525","Clinton",2018,2032829000,43671
"526","Clinton",2019,2089984000,44843
"527","Clinton",2020,2200713000,47396
"528","Clinton",2021,2394872000,51474
"529","Clinton",2022,2439029000,52629
"530","Crawford",2000,390515000,23047
"531","Crawford",2001,399696000,23567
"532","Crawford",2002,407593000,24003
"533","Crawford",2003,414839000,24470
"534","Crawford",2004,474987000,28038
"535","Crawford",2005,493760000,29182
"536","Crawford",2006,521357000,30908
"537","Crawford",2007,569731000,33650
"538","Crawford",2008,654442000,38768
"539","Crawford",2009,572807000,33806
"540","Crawford",2010,598342000,34877
"541","Crawford",2011,673865000,39256
"542","Crawford",2012,697790000,40553
"543","Crawford",2013,701479000,40715
"544","Crawford",2014,660082000,38833
"545","Crawford",2015,655975000,38873
"546","Crawford",2016,633922000,37564
"547","Crawford",2017,659483000,39260
"548","Crawford",2018,694695000,41408
"549","Crawford",2019,699149000,42204
"550","Crawford",2020,731781000,44377
"551","Crawford",2021,860812000,52996
"552","Crawford",2022,882106000,54711
"553","Dallas",2000,1255604000,30295
"554","Dallas",2001,1334158000,30880
"555","Dallas",2002,1390951000,30938
"556","Dallas",2003,1481938000,31452
"557","Dallas",2004,1766258000,35054
"558","Dallas",2005,1950033000,36764
"559","Dallas",2006,2209185000,39339
"560","Dallas",2007,2594549000,43854
"561","Dallas",2008,2872882000,46229
"562","Dallas",2009,3048393000,47270
"563","Dallas",2010,3286450000,49191
"564","Dallas",2011,3595313000,51356
"565","Dallas",2012,3893184000,53459
"566","Dallas",2013,4188994000,55238
"567","Dallas",2014,4548767000,57626
"568","Dallas",2015,4976595000,60565
"569","Dallas",2016,5228504000,60681
"570","Dallas",2017,5608979000,62679
"571","Dallas",2018,6063074000,65429
"572","Dallas",2019,6518541000,67378
"573","Dallas",2020,7111800000,70783
"574","Dallas",2021,7993870000,76813
"575","Dallas",2022,8634580000,79938
"576","Davis",2000,168805000,19757
"577","Davis",2001,161146000,18764
"578","Davis",2002,165518000,19278
"579","Davis",2003,168950000,19797
"580","Davis",2004,192998000,22410
"581","Davis",2005,198505000,23128
"582","Davis",2006,209538000,24311
"583","Davis",2007,221481000,25528
"584","Davis",2008,237335000,27359
"585","Davis",2009,241302000,27733
"586","Davis",2010,259425000,29554
"587","Davis",2011,273966000,31203
"588","Davis",2012,292387000,33538
"589","Davis",2013,306684000,34902
"590","Davis",2014,298238000,33968
"591","Davis",2015,292473000,33213
"592","Davis",2016,289403000,32404
"593","Davis",2017,315870000,35042
"594","Davis",2018,341749000,37901
"595","Davis",2019,353052000,38955
"596","Davis",2020,366363000,40207
"597","Davis",2021,419754000,45895
"598","Davis",2022,472043000,51702
"599","Decatur",2000,158308000,18312
"600","Decatur",2001,155920000,17986
"601","Decatur",2002,162124000,18845
"602","Decatur",2003,163264000,19040
"603","Decatur",2004,184035000,21449
"604","Decatur",2005,188733000,21900
"605","Decatur",2006,192284000,22421
"606","Decatur",2007,199375000,23267
"607","Decatur",2008,218320000,25815
"608","Decatur",2009,216155000,25412
"609","Decatur",2010,214730000,25518
"610","Decatur",2011,231463000,28124
"611","Decatur",2012,231716000,28241
"612","Decatur",2013,234210000,28667
"613","Decatur",2014,237819000,29187
"614","Decatur",2015,244239000,30295
"615","Decatur",2016,242480000,30451
"616","Decatur",2017,259517000,33089
"617","Decatur",2018,275394000,35420
"618","Decatur",2019,277416000,35977
"619","Decatur",2020,296623000,39004
"620","Decatur",2021,332782000,43444
"621","Decatur",2022,342139000,44532
"622","Delaware",2000,437445000,23754
"623","Delaware",2001,448122000,24496
"624","Delaware",2002,445637000,24390
"625","Delaware",2003,447366000,24594
"626","Delaware",2004,468121000,25912
"627","Delaware",2005,480111000,26740
"628","Delaware",2006,501350000,27919
"629","Delaware",2007,541575000,30119
"630","Delaware",2008,568201000,31850
"631","Delaware",2009,558813000,31474
"632","Delaware",2010,606572000,34123
"633","Delaware",2011,704979000,39836
"634","Delaware",2012,704942000,39857
"635","Delaware",2013,772727000,43788
"636","Delaware",2014,770220000,43710
"637","Delaware",2015,782286000,44264
"638","Delaware",2016,787577000,44706
"639","Delaware",2017,832225000,47510
"640","Delaware",2018,858747000,48945
"641","Delaware",2019,839071000,47840
"642","Delaware",2020,906895000,51953
"643","Delaware",2021,1014153000,57849
"644","Delaware",2022,1070746000,60949
"645","Des Moines",2000,1122618000,26569
"646","Des Moines",2001,1157467000,27677
"647","Des Moines",2002,1157252000,28131
"648","Des Moines",2003,1136518000,27688
"649","Des Moines",2004,1168011000,28796
"650","Des Moines",2005,1188177000,29460
"651","Des Moines",2006,1319064000,32819
"652","Des Moines",2007,1419015000,35294
"653","Des Moines",2008,1488212000,36988
"654","Des Moines",2009,1447151000,35839
"655","Des Moines",2010,1426812000,35451
"656","Des Moines",2011,1537598000,38352
"657","Des Moines",2012,1599170000,39701
"658","Des Moines",2013,1679845000,41509
"659","Des Moines",2014,1804896000,44909
"660","Des Moines",2015,1873658000,46858
"661","Des Moines",2016,1934655000,48596
"662","Des Moines",2017,1869327000,47318
"663","Des Moines",2018,1896732000,48167
"664","Des Moines",2019,1960624000,50038
"665","Des Moines",2020,2090958000,53868
"666","Des Moines",2021,2257358000,58622
"667","Des Moines",2022,2321193000,60617
"668","Dickinson",2000,507740000,30847
"669","Dickinson",2001,528219000,32058
"670","Dickinson",2002,545210000,33344
"671","Dickinson",2003,569129000,34833
"672","Dickinson",2004,599160000,36300
"673","Dickinson",2005,607493000,36499
"674","Dickinson",2006,651115000,39066
"675","Dickinson",2007,695396000,41806
"676","Dickinson",2008,708745000,42465
"677","Dickinson",2009,693913000,41636
"678","Dickinson",2010,731952000,43898
"679","Dickinson",2011,794909000,47078
"680","Dickinson",2012,828253000,48798
"681","Dickinson",2013,853484000,50365
"682","Dickinson",2014,880372000,52007
"683","Dickinson",2015,951014000,55576
"684","Dickinson",2016,931197000,53954
"685","Dickinson",2017,956168000,55235
"686","Dickinson",2018,1001824000,57832
"687","Dickinson",2019,1039028000,59458
"688","Dickinson",2020,1112517000,62621
"689","Dickinson",2021,1272619000,71287
"690","Dickinson",2022,1336943000,74159
"691","Dubuque",2000,2345715000,26297
"692","Dubuque",2001,2394867000,26929
"693","Dubuque",2002,2456301000,27558
"694","Dubuque",2003,2532654000,28137
"695","Dubuque",2004,2621622000,28980
"696","Dubuque",2005,2714907000,29910
"697","Dubuque",2006,2960663000,32443
"698","Dubuque",2007,3225745000,35013
"699","Dubuque",2008,3376643000,36497
"700","Dubuque",2009,3307663000,35586
"701","Dubuque",2010,3469303000,36918
"702","Dubuque",2011,3707324000,39085
"703","Dubuque",2012,3891673000,40732
"704","Dubuque",2013,3940687000,40830
"705","Dubuque",2014,4108228000,42250
"706","Dubuque",2015,4277631000,43741
"707","Dubuque",2016,4359993000,44561
"708","Dubuque",2017,4492228000,45674
"709","Dubuque",2018,4763024000,48446
"710","Dubuque",2019,4900508000,49521
"711","Dubuque",2020,5243002000,52804
"712","Dubuque",2021,5733915000,58027
"713","Dubuque",2022,5929463000,60090
"714","Emmet",2000,273118000,24840
"715","Emmet",2001,270570000,24846
"716","Emmet",2002,283050000,26172
"717","Emmet",2003,287646000,26823
"718","Emmet",2004,302574000,28672
"719","Emmet",2005,294527000,27978
"720","Emmet",2006,301557000,28893
"721","Emmet",2007,333970000,32060
"722","Emmet",2008,359387000,34398
"723","Emmet",2009,340859000,32898
"724","Emmet",2010,364110000,35409
"725","Emmet",2011,393562000,38870
"726","Emmet",2012,401221000,40098
"727","Emmet",2013,415379000,41667
"728","Emmet",2014,405903000,40848
"729","Emmet",2015,408814000,41546
"730","Emmet",2016,373375000,38318
"731","Emmet",2017,381393000,39708
"732","Emmet",2018,410522000,43327
"733","Emmet",2019,412182000,43636
"734","Emmet",2020,416674000,44636
"735","Emmet",2021,478922000,51398
"736","Emmet",2022,496592000,54119
"737","Fayette",2000,476641000,21644
"738","Fayette",2001,486383000,22320
"739","Fayette",2002,486943000,22499
"740","Fayette",2003,483690000,22389
"741","Fayette",2004,537733000,25110
"742","Fayette",2005,553476000,25832
"743","Fayette",2006,558235000,26251
"744","Fayette",2007,613433000,29204
"745","Fayette",2008,648492000,31013
"746","Fayette",2009,630655000,30119
"747","Fayette",2010,681083000,32644
"748","Fayette",2011,781290000,37213
"749","Fayette",2012,796195000,38262
"750","Fayette",2013,805937000,39184
"751","Fayette",2014,798840000,39247
"752","Fayette",2015,799946000,39554
"753","Fayette",2016,785649000,39373
"754","Fayette",2017,809785000,40919
"755","Fayette",2018,850092000,43001
"756","Fayette",2019,857499000,43497
"757","Fayette",2020,891618000,45853
"758","Fayette",2021,978283000,50665
"759","Fayette",2022,1016144000,52666
"760","Floyd",2000,387073000,22966
"761","Floyd",2001,401953000,24127
"762","Floyd",2002,414367000,24857
"763","Floyd",2003,416978000,25057
"764","Floyd",2004,464555000,28009
"765","Floyd",2005,475747000,28798
"766","Floyd",2006,484756000,29227
"767","Floyd",2007,520299000,31539
"768","Floyd",2008,561274000,34369
"769","Floyd",2009,543623000,33458
"770","Floyd",2010,566417000,34728
"771","Floyd",2011,609534000,37848
"772","Floyd",2012,614634000,38157
"773","Floyd",2013,667289000,41560
"774","Floyd",2014,656169000,40901
"775","Floyd",2015,685427000,42938
"776","Floyd",2016,676662000,42501
"777","Floyd",2017,695813000,43936
"778","Floyd",2018,723182000,45624
"779","Floyd",2019,732381000,46562
"780","Floyd",2020,759162000,48695
"781","Floyd",2021,868330000,56206
"782","Floyd",2022,908602000,59242
"783","Franklin",2000,282775000,26480
"784","Franklin",2001,284280000,26773
"785","Franklin",2002,278352000,26078
"786","Franklin",2003,276497000,25950
"787","Franklin",2004,329480000,30747
"788","Franklin",2005,328531000,30516
"789","Franklin",2006,336401000,31442
"790","Franklin",2007,379585000,35281
"791","Franklin",2008,388157000,36310
"792","Franklin",2009,378674000,35536
"793","Franklin",2010,402819000,37626
"794","Franklin",2011,499657000,46706
"795","Franklin",2012,503041000,47849
"796","Franklin",2013,524251000,49867
"797","Franklin",2014,506879000,48547
"798","Franklin",2015,481935000,46667
"799","Franklin",2016,444741000,43671
"800","Franklin",2017,454291000,44700
"801","Franklin",2018,469669000,46520
"802","Franklin",2019,472200000,46762
"803","Franklin",2020,489368000,48951
"804","Franklin",2021,613010000,61597
"805","Franklin",2022,644545000,65001
"806","Fremont",2000,218883000,27377
"807","Fremont",2001,218246000,27717
"808","Fremont",2002,212118000,27240
"809","Fremont",2003,222891000,28786
"810","Fremont",2004,257182000,33597
"811","Fremont",2005,246483000,32364
"812","Fremont",2006,251308000,32971
"813","Fremont",2007,266530000,34877
"814","Fremont",2008,285645000,38142
"815","Fremont",2009,303428000,40712
"816","Fremont",2010,279521000,37626
"817","Fremont",2011,288949000,39323
"818","Fremont",2012,312169000,43961
"819","Fremont",2013,310585000,44293
"820","Fremont",2014,294016000,42262
"821","Fremont",2015,295808000,43355
"822","Fremont",2016,296738000,43383
"823","Fremont",2017,300674000,44178
"824","Fremont",2018,303756000,44552
"825","Fremont",2019,334715000,49492
"826","Fremont",2020,348756000,53107
"827","Fremont",2021,403158000,61317
"828","Fremont",2022,404208000,62532
"829","Greene",2000,246884000,23874
"830","Greene",2001,251682000,24796
"831","Greene",2002,264664000,26191
"832","Greene",2003,270478000,27059
"833","Greene",2004,308944000,31106
"834","Greene",2005,302757000,30894
"835","Greene",2006,302375000,31461
"836","Greene",2007,339071000,35512
"837","Greene",2008,369742000,39272
"838","Greene",2009,366216000,39256
"839","Greene",2010,362954000,38773
"840","Greene",2011,428947000,45995
"841","Greene",2012,425776000,46426
"842","Greene",2013,442334000,48374
"843","Greene",2014,420854000,46207
"844","Greene",2015,405186000,45404
"845","Greene",2016,395076000,43980
"846","Greene",2017,398275000,44610
"847","Greene",2018,415880000,46545
"848","Greene",2019,418170000,47299
"849","Greene",2020,445741000,50930
"850","Greene",2021,523891000,59990
"851","Greene",2022,540269000,61809
"852","Grundy",2000,330890000,26754
"853","Grundy",2001,347867000,28238
"854","Grundy",2002,353745000,28592
"855","Grundy",2003,358722000,29051
"856","Grundy",2004,411406000,33223
"857","Grundy",2005,416499000,33572
"858","Grundy",2006,431156000,34670
"859","Grundy",2007,467514000,37957
"860","Grundy",2008,525369000,42509
"861","Grundy",2009,517620000,41586
"862","Grundy",2010,524718000,42092
"863","Grundy",2011,581987000,46593
"864","Grundy",2012,614707000,49334
"865","Grundy",2013,608934000,49219
"866","Grundy",2014,589660000,47435
"867","Grundy",2015,599195000,48109
"868","Grundy",2016,584843000,47294
"869","Grundy",2017,599074000,48434
"870","Grundy",2018,619466000,50155
"871","Grundy",2019,631701000,51279
"872","Grundy",2020,670451000,54358
"873","Grundy",2021,774987000,62645
"874","Grundy",2022,805622000,65201
"875","Guthrie",2000,280722000,24768
"876","Guthrie",2001,292541000,26062
"877","Guthrie",2002,301953000,26895
"878","Guthrie",2003,313910000,27674
"879","Guthrie",2004,378159000,33204
"880","Guthrie",2005,384516000,34182
"881","Guthrie",2006,418547000,37538
"882","Guthrie",2007,434457000,39084
"883","Guthrie",2008,481904000,43659
"884","Guthrie",2009,425029000,38854
"885","Guthrie",2010,424780000,38832
"886","Guthrie",2011,481356000,44365
"887","Guthrie",2012,467666000,43540
"888","Guthrie",2013,512815000,48210
"889","Guthrie",2014,500355000,47021
"890","Guthrie",2015,522177000,49299
"891","Guthrie",2016,516550000,48782
"892","Guthrie",2017,518574000,49066
"893","Guthrie",2018,551958000,51959
"894","Guthrie",2019,550923000,51808
"895","Guthrie",2020,612655000,57727
"896","Guthrie",2021,691423000,65315
"897","Guthrie",2022,724175000,68017
"898","Hamilton",2000,437484000,26638
"899","Hamilton",2001,444647000,27386
"900","Hamilton",2002,440904000,26988
"901","Hamilton",2003,452889000,27673
"902","Hamilton",2004,513942000,31559
"903","Hamilton",2005,525990000,32347
"904","Hamilton",2006,627168000,38848
"905","Hamilton",2007,668807000,41834
"906","Hamilton",2008,675956000,42612
"907","Hamilton",2009,586698000,37277
"908","Hamilton",2010,610963000,39059
"909","Hamilton",2011,705239000,45476
"910","Hamilton",2012,677749000,44033
"911","Hamilton",2013,771227000,49918
"912","Hamilton",2014,805955000,52485
"913","Hamilton",2015,773587000,50282
"914","Hamilton",2016,720220000,47119
"915","Hamilton",2017,747586000,48990
"916","Hamilton",2018,798573000,52742
"917","Hamilton",2019,736540000,48839
"918","Hamilton",2020,743014000,49508
"919","Hamilton",2021,874321000,58746
"920","Hamilton",2022,942440000,63592
"921","Hancock",2000,326902000,26997
"922","Hancock",2001,321842000,26923
"923","Hancock",2002,333713000,28171
"924","Hancock",2003,338425000,28427
"925","Hancock",2004,386656000,32662
"926","Hancock",2005,379526000,32071
"927","Hancock",2006,387118000,33005
"928","Hancock",2007,422035000,36445
"929","Hancock",2008,451466000,39173
"930","Hancock",2009,415044000,36500
"931","Hancock",2010,435798000,38546
"932","Hancock",2011,501795000,44293
"933","Hancock",2012,527872000,46968
"934","Hancock",2013,558291000,49763
"935","Hancock",2014,551612000,49454
"936","Hancock",2015,541744000,48517
"937","Hancock",2016,508263000,46005
"938","Hancock",2017,537770000,49125
"939","Hancock",2018,558564000,51076
"940","Hancock",2019,541023000,49640
"941","Hancock",2020,548180000,50960
"942","Hancock",2021,658888000,61665
"943","Hancock",2022,711644000,66602
"944","Hardin",2000,475913000,25305
"945","Hardin",2001,511733000,27411
"946","Hardin",2002,495352000,26811
"947","Hardin",2003,484383000,26430
"948","Hardin",2004,573876000,31594
"949","Hardin",2005,583217000,32448
"950","Hardin",2006,609033000,34038
"951","Hardin",2007,704282000,39591
"952","Hardin",2008,723656000,40908
"953","Hardin",2009,658224000,37538
"954","Hardin",2010,691809000,39422
"955","Hardin",2011,801527000,46044
"956","Hardin",2012,836366000,48017
"957","Hardin",2013,850059000,48647
"958","Hardin",2014,835166000,47866
"959","Hardin",2015,814349000,46821
"960","Hardin",2016,768807000,44301
"961","Hardin",2017,786931000,45587
"962","Hardin",2018,813531000,47367
"963","Hardin",2019,797375000,46786
"964","Hardin",2020,820225000,48765
"965","Hardin",2021,1022919000,61183
"966","Hardin",2022,1142814000,68981
"967","Harrison",2000,410354000,26162
"968","Harrison",2001,411320000,26380
"969","Harrison",2002,426069000,27629
"970","Harrison",2003,435215000,28180
"971","Harrison",2004,470820000,30549
"972","Harrison",2005,463539000,30174
"973","Harrison",2006,477491000,31115
"974","Harrison",2007,513070000,33806
"975","Harrison",2008,563822000,37724
"976","Harrison",2009,555006000,37070
"977","Harrison",2010,533278000,35733
"978","Harrison",2011,581660000,39187
"979","Harrison",2012,587713000,40213
"980","Harrison",2013,588011000,40383
"981","Harrison",2014,559706000,38518
"982","Harrison",2015,598866000,41392
"983","Harrison",2016,597157000,41374
"984","Harrison",2017,599989000,41202
"985","Harrison",2018,632101000,43312
"986","Harrison",2019,671397000,45977
"987","Harrison",2020,706499000,48510
"988","Harrison",2021,821155000,55926
"989","Harrison",2022,854318000,58283
"990","Henry",2000,492542000,24214
"991","Henry",2001,507788000,24882
"992","Henry",2002,513647000,25572
"993","Henry",2003,516897000,25557
"994","Henry",2004,564643000,27918
"995","Henry",2005,573019000,28153
"996","Henry",2006,601256000,29581
"997","Henry",2007,639405000,31407
"998","Henry",2008,672844000,33134
"999","Henry",2009,639382000,31649
"1000","Henry",2010,642374000,31913
"1001","Henry",2011,686756000,33762
"1002","Henry",2012,747282000,37064
"1003","Henry",2013,751324000,37082
"1004","Henry",2014,751301000,37291
"1005","Henry",2015,772349000,38171
"1006","Henry",2016,785313000,38714
"1007","Henry",2017,814630000,39589
"1008","Henry",2018,849091000,41202
"1009","Henry",2019,861102000,42017
"1010","Henry",2020,922657000,45115
"1011","Henry",2021,1006013000,49339
"1012","Henry",2022,1011973000,50108
"1013","Howard",2000,245222000,24685
"1014","Howard",2001,237573000,23978
"1015","Howard",2002,253278000,25687
"1016","Howard",2003,251539000,25646
"1017","Howard",2004,279876000,28582
"1018","Howard",2005,293143000,30035
"1019","Howard",2006,289670000,29974
"1020","Howard",2007,321978000,33414
"1021","Howard",2008,334045000,34706
"1022","Howard",2009,315135000,32936
"1023","Howard",2010,354236000,36988
"1024","Howard",2011,402178000,41946
"1025","Howard",2012,422175000,43881
"1026","Howard",2013,456547000,47831
"1027","Howard",2014,422780000,44555
"1028","Howard",2015,426253000,44940
"1029","Howard",2016,404152000,42749
"1030","Howard",2017,413229000,43686
"1031","Howard",2018,444471000,47084
"1032","Howard",2019,436270000,46264
"1033","Howard",2020,467510000,49253
"1034","Howard",2021,568831000,59877
"1035","Howard",2022,602024000,63152
"1036","Humboldt",2000,276723000,26667
"1037","Humboldt",2001,273960000,26508
"1038","Humboldt",2002,280088000,27524
"1039","Humboldt",2003,280262000,27601
"1040","Humboldt",2004,313394000,30965
"1041","Humboldt",2005,310281000,30926
"1042","Humboldt",2006,310431000,30926
"1043","Humboldt",2007,334578000,33677
"1044","Humboldt",2008,363846000,36711
"1045","Humboldt",2009,355024000,36069
"1046","Humboldt",2010,350597000,35797
"1047","Humboldt",2011,426325000,43511
"1048","Humboldt",2012,427443000,43831
"1049","Humboldt",2013,449992000,46281
"1050","Humboldt",2014,437422000,45123
"1051","Humboldt",2015,445362000,46257
"1052","Humboldt",2016,443100000,46113
"1053","Humboldt",2017,440532000,45608
"1054","Humboldt",2018,458682000,47660
"1055","Humboldt",2019,472121000,49108
"1056","Humboldt",2020,480358000,50063
"1057","Humboldt",2021,551038000,57179
"1058","Humboldt",2022,579710000,60563
"1059","Ida",2000,200183000,25651
"1060","Ida",2001,212001000,27518
"1061","Ida",2002,211634000,27715
"1062","Ida",2003,219862000,29040
"1063","Ida",2004,251579000,33737
"1064","Ida",2005,249460000,33853
"1065","Ida",2006,254685000,35144
"1066","Ida",2007,288517000,39917
"1067","Ida",2008,319522000,44286
"1068","Ida",2009,277961000,39205
"1069","Ida",2010,285437000,40367
"1070","Ida",2011,316191000,44736
"1071","Ida",2012,321963000,45443
"1072","Ida",2013,309331000,43366
"1073","Ida",2014,301496000,42790
"1074","Ida",2015,315757000,44731
"1075","Ida",2016,322025000,45542
"1076","Ida",2017,324058000,46360
"1077","Ida",2018,343276000,49236
"1078","Ida",2019,357380000,51179
"1079","Ida",2020,381784000,54393
"1080","Ida",2021,479733000,68789
"1081","Ida",2022,530218000,76977
"1082","Iowa",2000,472945000,30068
"1083","Iowa",2001,482309000,30395
"1084","Iowa",2002,505692000,31783
"1085","Iowa",2003,514581000,32037
"1086","Iowa",2004,549503000,34114
"1087","Iowa",2005,545068000,33446
"1088","Iowa",2006,575602000,35117
"1089","Iowa",2007,603685000,37018
"1090","Iowa",2008,662661000,40562
"1091","Iowa",2009,640185000,39021
"1092","Iowa",2010,642459000,39299
"1093","Iowa",2011,706751000,43118
"1094","Iowa",2012,761561000,46713
"1095","Iowa",2013,786342000,47773
"1096","Iowa",2014,790477000,47751
"1097","Iowa",2015,789476000,47631
"1098","Iowa",2016,793248000,47968
"1099","Iowa",2017,822681000,49778
"1100","Iowa",2018,856653000,51630
"1101","Iowa",2019,871035000,52336
"1102","Iowa",2020,913193000,54833
"1103","Iowa",2021,990038000,59734
"1104","Iowa",2022,999150000,60646
"1105","Jackson",2000,460791000,22702
"1106","Jackson",2001,473689000,23372
"1107","Jackson",2002,485757000,24117
"1108","Jackson",2003,493172000,24477
"1109","Jackson",2004,540781000,26843
"1110","Jackson",2005,548369000,27250
"1111","Jackson",2006,576589000,28697
"1112","Jackson",2007,615124000,30733
"1113","Jackson",2008,653547000,32810
"1114","Jackson",2009,640777000,32296
"1115","Jackson",2010,677205000,34138
"1116","Jackson",2011,736746000,37277
"1117","Jackson",2012,749195000,37957
"1118","Jackson",2013,734480000,37485
"1119","Jackson",2014,752957000,38550
"1120","Jackson",2015,795250000,40807
"1121","Jackson",2016,806807000,41256
"1122","Jackson",2017,836613000,42794
"1123","Jackson",2018,855317000,43701
"1124","Jackson",2019,876402000,44724
"1125","Jackson",2020,949642000,48820
"1126","Jackson",2021,1046925000,53974
"1127","Jackson",2022,1073188000,55537
"1128","Jasper",2000,989413000,26560
"1129","Jasper",2001,1059528000,28347
"1130","Jasper",2002,1089961000,29025
"1131","Jasper",2003,1085198000,28783
"1132","Jasper",2004,1125532000,29899
"1133","Jasper",2005,1111397000,29651
"1134","Jasper",2006,1158048000,31057
"1135","Jasper",2007,1232445000,33160
"1136","Jasper",2008,1284654000,34624
"1137","Jasper",2009,1243763000,33726
"1138","Jasper",2010,1237223000,33596
"1139","Jasper",2011,1349207000,36759
"1140","Jasper",2012,1378942000,37546
"1141","Jasper",2013,1416763000,38343
"1142","Jasper",2014,1426405000,38377
"1143","Jasper",2015,1415593000,38152
"1144","Jasper",2016,1471403000,39629
"1145","Jasper",2017,1511829000,40346
"1146","Jasper",2018,1552162000,41211
"1147","Jasper",2019,1615461000,42759
"1148","Jasper",2020,1720835000,45513
"1149","Jasper",2021,1901168000,50197
"1150","Jasper",2022,1916650000,50521
"1151","Jefferson",2000,447850000,27664
"1152","Jefferson",2001,430141000,26540
"1153","Jefferson",2002,425889000,26402
"1154","Jefferson",2003,422694000,26102
"1155","Jefferson",2004,460596000,28261
"1156","Jefferson",2005,475144000,29123
"1157","Jefferson",2006,515864000,31453
"1158","Jefferson",2007,545402000,32856
"1159","Jefferson",2008,570469000,34351
"1160","Jefferson",2009,532013000,31701
"1161","Jefferson",2010,543087000,32384
"1162","Jefferson",2011,580030000,34581
"1163","Jefferson",2012,613170000,36734
"1164","Jefferson",2013,613310000,36570
"1165","Jefferson",2014,642043000,38519
"1166","Jefferson",2015,659485000,39916
"1167","Jefferson",2016,674066000,41169
"1168","Jefferson",2017,687281000,42435
"1169","Jefferson",2018,718349000,45057
"1170","Jefferson",2019,737540000,46777
"1171","Jefferson",2020,762150000,48566
"1172","Jefferson",2021,841378000,53380
"1173","Jefferson",2022,863056000,54979
"1174","Johnson",2000,3426564000,30744
"1175","Johnson",2001,3568520000,31428
"1176","Johnson",2002,3710740000,32282
"1177","Johnson",2003,3837950000,32895
"1178","Johnson",2004,4057474000,34128
"1179","Johnson",2005,4167123000,34639
"1180","Johnson",2006,4459284000,36484
"1181","Johnson",2007,4792858000,38484
"1182","Johnson",2008,5147314000,40494
"1183","Johnson",2009,5194129000,39997
"1184","Johnson",2010,5310384000,40435
"1185","Johnson",2011,5779866000,43116
"1186","Johnson",2012,6086182000,44409
"1187","Johnson",2013,6279749000,44832
"1188","Johnson",2014,6648040000,46615
"1189","Johnson",2015,6893806000,47611
"1190","Johnson",2016,7185954000,48958
"1191","Johnson",2017,7556869000,50634
"1192","Johnson",2018,8040523000,53434
"1193","Johnson",2019,8206346000,54031
"1194","Johnson",2020,8636861000,56435
"1195","Johnson",2021,9445679000,60934
"1196","Johnson",2022,9745262000,62302
"1197","Jones",2000,457347000,22575
"1198","Jones",2001,476647000,23533
"1199","Jones",2002,479684000,23650
"1200","Jones",2003,486872000,23859
"1201","Jones",2004,530441000,25733
"1202","Jones",2005,541302000,26270
"1203","Jones",2006,582882000,28189
"1204","Jones",2007,637031000,30622
"1205","Jones",2008,688612000,33030
"1206","Jones",2009,681983000,33167
"1207","Jones",2010,708118000,34228
"1208","Jones",2011,756712000,36472
"1209","Jones",2012,773675000,37535
"1210","Jones",2013,787656000,38357
"1211","Jones",2014,783857000,38107
"1212","Jones",2015,831455000,40646
"1213","Jones",2016,845401000,41421
"1214","Jones",2017,864711000,41895
"1215","Jones",2018,888830000,43020
"1216","Jones",2019,916782000,44349
"1217","Jones",2020,979406000,47422
"1218","Jones",2021,1091048000,52356
"1219","Jones",2022,1117060000,53581
"1220","Keokuk",2000,271403000,23770
"1221","Keokuk",2001,272625000,23980
"1222","Keokuk",2002,280747000,24779
"1223","Keokuk",2003,283376000,25333
"1224","Keokuk",2004,314768000,28457
"1225","Keokuk",2005,300774000,27642
"1226","Keokuk",2006,307760000,28728
"1227","Keokuk",2007,330645000,30936
"1228","Keokuk",2008,363158000,34196
"1229","Keokuk",2009,358923000,34015
"1230","Keokuk",2010,355573000,33845
"1231","Keokuk",2011,403222000,38812
"1232","Keokuk",2012,426176000,40951
"1233","Keokuk",2013,439785000,42660
"1234","Keokuk",2014,427650000,41734
"1235","Keokuk",2015,409154000,40410
"1236","Keokuk",2016,404602000,39980
"1237","Keokuk",2017,425850000,42230
"1238","Keokuk",2018,442456000,43579
"1239","Keokuk",2019,452825000,44768
"1240","Keokuk",2020,479766000,47919
"1241","Keokuk",2021,541180000,54532
"1242","Keokuk",2022,548002000,55331
"1243","Kossuth",2000,447309000,25997
"1244","Kossuth",2001,423875000,25064
"1245","Kossuth",2002,436458000,26182
"1246","Kossuth",2003,444699000,26911
"1247","Kossuth",2004,506677000,30825
"1248","Kossuth",2005,520301000,31946
"1249","Kossuth",2006,530474000,33062
"1250","Kossuth",2007,584455000,36809
"1251","Kossuth",2008,635304000,40504
"1252","Kossuth",2009,609240000,38979
"1253","Kossuth",2010,636711000,41007
"1254","Kossuth",2011,734108000,47638
"1255","Kossuth",2012,761973000,49373
"1256","Kossuth",2013,802697000,52249
"1257","Kossuth",2014,757762000,49624
"1258","Kossuth",2015,757062000,49771
"1259","Kossuth",2016,721846000,47565
"1260","Kossuth",2017,729705000,48592
"1261","Kossuth",2018,754277000,50531
"1262","Kossuth",2019,738353000,49644
"1263","Kossuth",2020,755056000,51038
"1264","Kossuth",2021,917913000,63200
"1265","Kossuth",2022,962831000,66517
"1266","Lee",2000,909223000,23970
"1267","Lee",2001,922088000,24632
"1268","Lee",2002,939125000,25409
"1269","Lee",2003,946617000,25845
"1270","Lee",2004,989567000,27047
"1271","Lee",2005,986784000,27136
"1272","Lee",2006,1023532000,28203
"1273","Lee",2007,1086187000,30063
"1274","Lee",2008,1161233000,32419
"1275","Lee",2009,1126257000,31411
"1276","Lee",2010,1127526000,31449
"1277","Lee",2011,1183331000,33257
"1278","Lee",2012,1229564000,34577
"1279","Lee",2013,1230661000,34896
"1280","Lee",2014,1290520000,36767
"1281","Lee",2015,1356402000,38816
"1282","Lee",2016,1351798000,39212
"1283","Lee",2017,1342349000,39162
"1284","Lee",2018,1389324000,40897
"1285","Lee",2019,1410067000,41857
"1286","Lee",2020,1556266000,46428
"1287","Lee",2021,1640881000,49412
"1288","Lee",2022,1639615000,49927
"1289","Linn",2000,6106723000,31745
"1290","Linn",2001,6235476000,32082
"1291","Linn",2002,6354018000,32421
"1292","Linn",2003,6496862000,32992
"1293","Linn",2004,6789839000,34238
"1294","Linn",2005,7070991000,35285
"1295","Linn",2006,7484986000,36925
"1296","Linn",2007,8036904000,39044
"1297","Linn",2008,8574817000,41115
"1298","Linn",2009,8516531000,40513
"1299","Linn",2010,8856181000,41820
"1300","Linn",2011,9298930000,43345
"1301","Linn",2012,9797256000,45344
"1302","Linn",2013,9779148000,44997
"1303","Linn",2014,10281259000,46897
"1304","Linn",2015,10714734000,48341
"1305","Linn",2016,11005564000,49173
"1306","Linn",2017,11313195000,49986
"1307","Linn",2018,11809257000,51774
"1308","Linn",2019,12080545000,52632
"1309","Linn",2020,12746463000,55321
"1310","Linn",2021,13695124000,59685
"1311","Linn",2022,13954488000,60928
"1312","Louisa",2000,291698000,23961
"1313","Louisa",2001,304340000,24979
"1314","Louisa",2002,311830000,25508
"1315","Louisa",2003,310289000,25371
"1316","Louisa",2004,327267000,27013
"1317","Louisa",2005,325498000,27440
"1318","Louisa",2006,331221000,27824
"1319","Louisa",2007,345155000,29024
"1320","Louisa",2008,365459000,30893
"1321","Louisa",2009,345725000,30284
"1322","Louisa",2010,356749000,31357
"1323","Louisa",2011,388557000,34207
"1324","Louisa",2012,419037000,37024
"1325","Louisa",2013,420741000,37273
"1326","Louisa",2014,416035000,37246
"1327","Louisa",2015,421208000,37658
"1328","Louisa",2016,425557000,38356
"1329","Louisa",2017,443572000,40106
"1330","Louisa",2018,462329000,42133
"1331","Louisa",2019,469357000,43143
"1332","Louisa",2020,504393000,46612
"1333","Louisa",2021,554343000,51581
"1334","Louisa",2022,565162000,52933
"1335","Lucas",2000,205899000,21977
"1336","Lucas",2001,210979000,22478
"1337","Lucas",2002,212466000,22699
"1338","Lucas",2003,222031000,23661
"1339","Lucas",2004,241582000,25408
"1340","Lucas",2005,245266000,25921
"1341","Lucas",2006,254281000,27251
"1342","Lucas",2007,264395000,28491
"1343","Lucas",2008,283905000,31072
"1344","Lucas",2009,284752000,31823
"1345","Lucas",2010,285697000,32104
"1346","Lucas",2011,299323000,33662
"1347","Lucas",2012,305468000,34712
"1348","Lucas",2013,309658000,35479
"1349","Lucas",2014,317907000,36642
"1350","Lucas",2015,316933000,36589
"1351","Lucas",2016,325723000,37756
"1352","Lucas",2017,334787000,38884
"1353","Lucas",2018,353840000,40798
"1354","Lucas",2019,358381000,41417
"1355","Lucas",2020,384750000,44635
"1356","Lucas",2021,420536000,48360
"1357","Lucas",2022,428276000,49289
"1358","Lyon",2000,285311000,24286
"1359","Lyon",2001,297852000,25492
"1360","Lyon",2002,281760000,24144
"1361","Lyon",2003,298511000,25509
"1362","Lyon",2004,346501000,29636
"1363","Lyon",2005,356846000,30560
"1364","Lyon",2006,369474000,31840
"1365","Lyon",2007,388892000,33711
"1366","Lyon",2008,441394000,38232
"1367","Lyon",2009,399305000,34551
"1368","Lyon",2010,456951000,39484
"1369","Lyon",2011,560687000,47865
"1370","Lyon",2012,604164000,51213
"1371","Lyon",2013,643645000,54764
"1372","Lyon",2014,660867000,56110
"1373","Lyon",2015,669074000,56505
"1374","Lyon",2016,610475000,51292
"1375","Lyon",2017,662963000,55664
"1376","Lyon",2018,672104000,56079
"1377","Lyon",2019,646711000,54082
"1378","Lyon",2020,674872000,56584
"1379","Lyon",2021,790319000,65527
"1380","Lyon",2022,874515000,71805
"1381","Madison",2000,357328000,25434
"1382","Madison",2001,378398000,26753
"1383","Madison",2002,395727000,27650
"1384","Madison",2003,407862000,28165
"1385","Madison",2004,451295000,30632
"1386","Madison",2005,479064000,32113
"1387","Madison",2006,513268000,33630
"1388","Madison",2007,547942000,35539
"1389","Madison",2008,589514000,37991
"1390","Madison",2009,587351000,37869
"1391","Madison",2010,590662000,37526
"1392","Madison",2011,625063000,39684
"1393","Madison",2012,633431000,40441
"1394","Madison",2013,646200000,41647
"1395","Madison",2014,664250000,42403
"1396","Madison",2015,683434000,43302
"1397","Madison",2016,715472000,45092
"1398","Madison",2017,753768000,46864
"1399","Madison",2018,788762000,48599
"1400","Madison",2019,817694000,49936
"1401","Madison",2020,878674000,52843
"1402","Madison",2021,962239000,57314
"1403","Madison",2022,993855000,58339
"1404","Mahaska",2000,562773000,25238
"1405","Mahaska",2001,559057000,24950
"1406","Mahaska",2002,556535000,24852
"1407","Mahaska",2003,572579000,25843
"1408","Mahaska",2004,629503000,28305
"1409","Mahaska",2005,638287000,28426
"1410","Mahaska",2006,668728000,29990
"1411","Mahaska",2007,718083000,32074
"1412","Mahaska",2008,773101000,34386
"1413","Mahaska",2009,737770000,32989
"1414","Mahaska",2010,722730000,32258
"1415","Mahaska",2011,797258000,35465
"1416","Mahaska",2012,819437000,36646
"1417","Mahaska",2013,837280000,37437
"1418","Mahaska",2014,836657000,37387
"1419","Mahaska",2015,843050000,37788
"1420","Mahaska",2016,847584000,38183
"1421","Mahaska",2017,878492000,39440
"1422","Mahaska",2018,947542000,42998
"1423","Mahaska",2019,944950000,42489
"1424","Mahaska",2020,1003676000,45319
"1425","Mahaska",2021,1099114000,50087
"1426","Mahaska",2022,1126076000,51311
"1427","Marion",2000,861448000,26833
"1428","Marion",2001,854351000,26221
"1429","Marion",2002,861725000,26456
"1430","Marion",2003,872874000,26819
"1431","Marion",2004,941874000,28876
"1432","Marion",2005,995358000,30370
"1433","Marion",2006,1048555000,31398
"1434","Marion",2007,1121844000,33710
"1435","Marion",2008,1190435000,35519
"1436","Marion",2009,1144685000,34202
"1437","Marion",2010,1161179000,34943
"1438","Marion",2011,1256515000,37732
"1439","Marion",2012,1318134000,39552
"1440","Marion",2013,1304814000,39431
"1441","Marion",2014,1347628000,40378
"1442","Marion",2015,1385409000,41679
"1443","Marion",2016,1437352000,43169
"1444","Marion",2017,1515139000,45543
"1445","Marion",2018,1597158000,47768
"1446","Marion",2019,1672137000,49934
"1447","Marion",2020,1763057000,52773
"1448","Marion",2021,1937298000,57927
"1449","Marion",2022,2008914000,59714
"1450","Marshall",2000,1024886000,26041
"1451","Marshall",2001,1075073000,27276
"1452","Marshall",2002,1097086000,27918
"1453","Marshall",2003,1108080000,28126
"1454","Marshall",2004,1154037000,29061
"1455","Marshall",2005,1171972000,29561
"1456","Marshall",2006,1223649000,30899
"1457","Marshall",2007,1283923000,32199
"1458","Marshall",2008,1342996000,33449
"1459","Marshall",2009,1338859000,33239
"1460","Marshall",2010,1374997000,33753
"1461","Marshall",2011,1471680000,35819
"1462","Marshall",2012,1521203000,36954
"1463","Marshall",2013,1539692000,37385
"1464","Marshall",2014,1561625000,38124
"1465","Marshall",2015,1623680000,39946
"1466","Marshall",2016,1661591000,41042
"1467","Marshall",2017,1610228000,39786
"1468","Marshall",2018,1671678000,41423
"1469","Marshall",2019,1713170000,42828
"1470","Marshall",2020,1817459000,45331
"1471","Marshall",2021,1951003000,48899
"1472","Marshall",2022,1944324000,48756
"1473","Mills",2000,448497000,30816
"1474","Mills",2001,466756000,32197
"1475","Mills",2002,500314000,34395
"1476","Mills",2003,499817000,34185
"1477","Mills",2004,547945000,37237
"1478","Mills",2005,561350000,37662
"1479","Mills",2006,591910000,38906
"1480","Mills",2007,615076000,40362
"1481","Mills",2008,670205000,44052
"1482","Mills",2009,679415000,45126
"1483","Mills",2010,650145000,43150
"1484","Mills",2011,697308000,46528
"1485","Mills",2012,740475000,50049
"1486","Mills",2013,748386000,50591
"1487","Mills",2014,719266000,49211
"1488","Mills",2015,748130000,50883
"1489","Mills",2016,751932000,50734
"1490","Mills",2017,757128000,51140
"1491","Mills",2018,816884000,55079
"1492","Mills",2019,872510000,58961
"1493","Mills",2020,883956000,61390
"1494","Mills",2021,972373000,67227
"1495","Mills",2022,1030831000,70833
"1496","Mitchell",2000,267724000,24634
"1497","Mitchell",2001,274060000,25527
"1498","Mitchell",2002,277977000,25686
"1499","Mitchell",2003,270612000,24987
"1500","Mitchell",2004,305196000,28005
"1501","Mitchell",2005,309467000,28654
"1502","Mitchell",2006,326528000,30134
"1503","Mitchell",2007,354272000,32767
"1504","Mitchell",2008,406572000,37593
"1505","Mitchell",2009,381833000,35476
"1506","Mitchell",2010,414715000,38432
"1507","Mitchell",2011,475878000,44466
"1508","Mitchell",2012,510488000,47705
"1509","Mitchell",2013,566557000,53228
"1510","Mitchell",2014,604838000,56686
"1511","Mitchell",2015,633402000,59530
"1512","Mitchell",2016,599588000,56490
"1513","Mitchell",2017,583388000,55550
"1514","Mitchell",2018,650443000,62012
"1515","Mitchell",2019,654234000,62237
"1516","Mitchell",2020,607915000,57415
"1517","Mitchell",2021,795506000,75311
"1518","Mitchell",2022,1011860000,96075
"1519","Monona",2000,248072000,24785
"1520","Monona",2001,252624000,25621
"1521","Monona",2002,253980000,25940
"1522","Monona",2003,260282000,26508
"1523","Monona",2004,280572000,28982
"1524","Monona",2005,266990000,27910
"1525","Monona",2006,256581000,27068
"1526","Monona",2007,292974000,31091
"1527","Monona",2008,338036000,36154
"1528","Monona",2009,349038000,37746
"1529","Monona",2010,338091000,36539
"1530","Monona",2011,370157000,39982
"1531","Monona",2012,358454000,39287
"1532","Monona",2013,365684000,40274
"1533","Monona",2014,348584000,38900
"1534","Monona",2015,391817000,43808
"1535","Monona",2016,379152000,42741
"1536","Monona",2017,365575000,41411
"1537","Monona",2018,383141000,43693
"1538","Monona",2019,399157000,45561
"1539","Monona",2020,413280000,47254
"1540","Monona",2021,491858000,57226
"1541","Monona",2022,513297000,60488
"1542","Monroe",2000,198046000,24740
"1543","Monroe",2001,193453000,24224
"1544","Monroe",2002,195658000,24808
"1545","Monroe",2003,202352000,25440
"1546","Monroe",2004,218044000,27362
"1547","Monroe",2005,218031000,27408
"1548","Monroe",2006,222713000,28152
"1549","Monroe",2007,234849000,29815
"1550","Monroe",2008,251115000,31771
"1551","Monroe",2009,258598000,32635
"1552","Monroe",2010,260276000,32583
"1553","Monroe",2011,278627000,34685
"1554","Monroe",2012,279089000,34764
"1555","Monroe",2013,285750000,36111
"1556","Monroe",2014,291578000,37030
"1557","Monroe",2015,295043000,37720
"1558","Monroe",2016,305167000,39519
"1559","Monroe",2017,313894000,41027
"1560","Monroe",2018,333489000,43932
"1561","Monroe",2019,343968000,45759
"1562","Monroe",2020,374982000,49359
"1563","Monroe",2021,408466000,53781
"1564","Monroe",2022,414852000,54947
"1565","Montgomery",2000,312462000,26496
"1566","Montgomery",2001,308599000,26814
"1567","Montgomery",2002,305994000,27048
"1568","Montgomery",2003,298756000,26648
"1569","Montgomery",2004,334552000,29895
"1570","Montgomery",2005,329198000,29356
"1571","Montgomery",2006,342429000,30631
"1572","Montgomery",2007,356011000,32421
"1573","Montgomery",2008,377375000,34868
"1574","Montgomery",2009,366952000,33968
"1575","Montgomery",2010,362506000,33879
"1576","Montgomery",2011,381834000,35736
"1577","Montgomery",2012,396410000,37278
"1578","Montgomery",2013,395495000,37523
"1579","Montgomery",2014,383490000,36315
"1580","Montgomery",2015,396942000,38304
"1581","Montgomery",2016,386200000,37185
"1582","Montgomery",2017,388998000,37371
"1583","Montgomery",2018,410867000,39878
"1584","Montgomery",2019,422462000,41088
"1585","Montgomery",2020,451094000,43668
"1586","Montgomery",2021,504257000,48838
"1587","Montgomery",2022,513754000,50343
"1588","Muscatine",2000,1115112000,26683
"1589","Muscatine",2001,1164290000,27881
"1590","Muscatine",2002,1208507000,28941
"1591","Muscatine",2003,1225778000,29428
"1592","Muscatine",2004,1342198000,32142
"1593","Muscatine",2005,1361260000,32493
"1594","Muscatine",2006,1462171000,34694
"1595","Muscatine",2007,1548860000,36594
"1596","Muscatine",2008,1593389000,37478
"1597","Muscatine",2009,1512988000,35364
"1598","Muscatine",2010,1542328000,36016
"1599","Muscatine",2011,1643912000,38286
"1600","Muscatine",2012,1720848000,39940
"1601","Muscatine",2013,1728600000,39962
"1602","Muscatine",2014,1820008000,41990
"1603","Muscatine",2015,1868119000,42991
"1604","Muscatine",2016,1886284000,43462
"1605","Muscatine",2017,1926229000,44429
"1606","Muscatine",2018,1981803000,45676
"1607","Muscatine",2019,2049291000,47388
"1608","Muscatine",2020,2178545000,50498
"1609","Muscatine",2021,2282520000,53470
"1610","Muscatine",2022,2300932000,54297
"1611","O'Brien",2000,392231000,26032
"1612","O'Brien",2001,397378000,26580
"1613","O'Brien",2002,391422000,26433
"1614","O'Brien",2003,411911000,27903
"1615","O'Brien",2004,457499000,31413
"1616","O'Brien",2005,471879000,32427
"1617","O'Brien",2006,483061000,33182
"1618","O'Brien",2007,509311000,35317
"1619","O'Brien",2008,572482000,39944
"1620","O'Brien",2009,535373000,37148
"1621","O'Brien",2010,581514000,40335
"1622","O'Brien",2011,666292000,46669
"1623","O'Brien",2012,696265000,48820
"1624","O'Brien",2013,702226000,49446
"1625","O'Brien",2014,710047000,49835
"1626","O'Brien",2015,725236000,51156
"1627","O'Brien",2016,704968000,49579
"1628","O'Brien",2017,705951000,49997
"1629","O'Brien",2018,741660000,52237
"1630","O'Brien",2019,730573000,51322
"1631","O'Brien",2020,764552000,54017
"1632","O'Brien",2021,854431000,60762
"1633","O'Brien",2022,913447000,64968
"1634","Osceola",2000,177656000,25434
"1635","Osceola",2001,178730000,25669
"1636","Osceola",2002,170239000,24676
"1637","Osceola",2003,178758000,25952
"1638","Osceola",2004,217022000,31622
"1639","Osceola",2005,220457000,32694
"1640","Osceola",2006,302883000,45119
"1641","Osceola",2007,325323000,49291
"1642","Osceola",2008,317158000,47931
"1643","Osceola",2009,229373000,35239
"1644","Osceola",2010,242790000,37566
"1645","Osceola",2011,300500000,47390
"1646","Osceola",2012,316954000,50721
"1647","Osceola",2013,351933000,55836
"1648","Osceola",2014,347755000,55033
"1649","Osceola",2015,346931000,55341
"1650","Osceola",2016,291927000,46971
"1651","Osceola",2017,299557000,48551
"1652","Osceola",2018,307048000,49636
"1653","Osceola",2019,281153000,45753
"1654","Osceola",2020,294431000,47474
"1655","Osceola",2021,353525000,57362
"1656","Osceola",2022,394785000,65405
"1657","Page",2000,411236000,24277
"1658","Page",2001,395407000,23505
"1659","Page",2002,390062000,23632
"1660","Page",2003,405851000,24814
"1661","Page",2004,457442000,28190
"1662","Page",2005,463432000,28477
"1663","Page",2006,478301000,29288
"1664","Page",2007,497981000,30634
"1665","Page",2008,522267000,32473
"1666","Page",2009,530013000,33366
"1667","Page",2010,522645000,32823
"1668","Page",2011,544289000,34200
"1669","Page",2012,579322000,36827
"1670","Page",2013,588040000,37794
"1671","Page",2014,586239000,37734
"1672","Page",2015,593662000,38234
"1673","Page",2016,601098000,38994
"1674","Page",2017,597605000,38965
"1675","Page",2018,621338000,40555
"1676","Page",2019,648619000,42577
"1677","Page",2020,691004000,45473
"1678","Page",2021,796653000,52360
"1679","Page",2022,806133000,53235
"1680","Palo Alto",2000,252786000,24942
"1681","Palo Alto",2001,250212000,24894
"1682","Palo Alto",2002,240348000,24287
"1683","Palo Alto",2003,253776000,26034
"1684","Palo Alto",2004,292520000,29993
"1685","Palo Alto",2005,302994000,31230
"1686","Palo Alto",2006,387094000,40381
"1687","Palo Alto",2007,425422000,44421
"1688","Palo Alto",2008,412918000,43529
"1689","Palo Alto",2009,337767000,35517
"1690","Palo Alto",2010,345801000,36783
"1691","Palo Alto",2011,430482000,45943
"1692","Palo Alto",2012,463441000,49800
"1693","Palo Alto",2013,521606000,56678
"1694","Palo Alto",2014,509333000,55537
"1695","Palo Alto",2015,512625000,55714
"1696","Palo Alto",2016,447557000,49144
"1697","Palo Alto",2017,450083000,49281
"1698","Palo Alto",2018,482785000,53595
"1699","Palo Alto",2019,440355000,49021
"1700","Palo Alto",2020,427314000,47537
"1701","Palo Alto",2021,517039000,58036
"1702","Palo Alto",2022,570359000,65080
"1703","Plymouth",2000,677854000,27256
"1704","Plymouth",2001,696123000,28016
"1705","Plymouth",2002,698715000,28255
"1706","Plymouth",2003,709660000,28549
"1707","Plymouth",2004,822950000,32863
"1708","Plymouth",2005,841134000,33672
"1709","Plymouth",2006,859832000,34418
"1710","Plymouth",2007,918761000,36919
"1711","Plymouth",2008,1011580000,40629
"1712","Plymouth",2009,967577000,38852
"1713","Plymouth",2010,1041957000,41695
"1714","Plymouth",2011,1117837000,44927
"1715","Plymouth",2012,1160725000,46544
"1716","Plymouth",2013,1172795000,46753
"1717","Plymouth",2014,1193652000,47533
"1718","Plymouth",2015,1252622000,49800
"1719","Plymouth",2016,1300186000,50994
"1720","Plymouth",2017,1304550000,51385
"1721","Plymouth",2018,1370841000,53962
"1722","Plymouth",2019,1368084000,53380
"1723","Plymouth",2020,1452613000,56546
"1724","Plymouth",2021,1620696000,63028
"1725","Plymouth",2022,1730842000,67398
"1726","Pocahontas",2000,214664000,24955
"1727","Pocahontas",2001,210563000,24875
"1728","Pocahontas",2002,217406000,26021
"1729","Pocahontas",2003,214717000,26281
"1730","Pocahontas",2004,246810000,30840
"1731","Pocahontas",2005,241076000,30769
"1732","Pocahontas",2006,243160000,31604
"1733","Pocahontas",2007,261098000,34055
"1734","Pocahontas",2008,315245000,41977
"1735","Pocahontas",2009,290129000,39233
"1736","Pocahontas",2010,278056000,38079
"1737","Pocahontas",2011,344202000,47391
"1738","Pocahontas",2012,361644000,49868
"1739","Pocahontas",2013,385634000,53052
"1740","Pocahontas",2014,364580000,49908
"1741","Pocahontas",2015,345050000,47784
"1742","Pocahontas",2016,306988000,42996
"1743","Pocahontas",2017,318215000,44369
"1744","Pocahontas",2018,354537000,49991
"1745","Pocahontas",2019,350833000,49707
"1746","Pocahontas",2020,337782000,47797
"1747","Pocahontas",2021,416669000,59043
"1748","Pocahontas",2022,447653000,63470
"1749","Polk",2000,12552447000,33417
"1750","Polk",2001,13174527000,34660
"1751","Polk",2002,13585544000,35346
"1752","Polk",2003,14037340000,36153
"1753","Polk",2004,15002030000,38254
"1754","Polk",2005,15671201000,39273
"1755","Polk",2006,16732881000,41215
"1756","Polk",2007,17376934000,42072
"1757","Polk",2008,18075877000,43090
"1758","Polk",2009,17669506000,41503
"1759","Polk",2010,18400052000,42560
"1760","Polk",2011,18987637000,43287
"1761","Polk",2012,20347912000,45776
"1762","Polk",2013,20336636000,44951
"1763","Polk",2014,21821919000,47377
"1764","Polk",2015,22982815000,49221
"1765","Polk",2016,23796907000,50217
"1766","Polk",2017,24551398000,51135
"1767","Polk",2018,25422223000,52389
"1768","Polk",2019,26301683000,53684
"1769","Polk",2020,28240630000,57284
"1770","Polk",2021,30809824000,61908
"1771","Polk",2022,31394821000,62653
"1772","Pottawattamie",2000,2347079000,26665
"1773","Pottawattamie",2001,2.417e+09,27481
"1774","Pottawattamie",2002,2501643000,28284
"1775","Pottawattamie",2003,2548788000,28696
"1776","Pottawattamie",2004,2663283000,29670
"1777","Pottawattamie",2005,2743594000,30417
"1778","Pottawattamie",2006,2909769000,32022
"1779","Pottawattamie",2007,2995559000,32832
"1780","Pottawattamie",2008,3186130000,34714
"1781","Pottawattamie",2009,3199381000,34627
"1782","Pottawattamie",2010,3178327000,34040
"1783","Pottawattamie",2011,3355452000,35868
"1784","Pottawattamie",2012,3571092000,38388
"1785","Pottawattamie",2013,3593064000,38630
"1786","Pottawattamie",2014,3665007000,39218
"1787","Pottawattamie",2015,3915437000,41740
"1788","Pottawattamie",2016,3902022000,41588
"1789","Pottawattamie",2017,3948782000,42113
"1790","Pottawattamie",2018,4147913000,44279
"1791","Pottawattamie",2019,4205523000,44901
"1792","Pottawattamie",2020,4454964000,47560
"1793","Pottawattamie",2021,4800483000,51378
"1794","Pottawattamie",2022,4879388000,52369
"1795","Poweshiek",2000,517454000,27374
"1796","Poweshiek",2001,531084000,27993
"1797","Poweshiek",2002,538951000,28454
"1798","Poweshiek",2003,542447000,28460
"1799","Poweshiek",2004,585835000,30662
"1800","Poweshiek",2005,591632000,31135
"1801","Poweshiek",2006,626229000,32868
"1802","Poweshiek",2007,657702000,34363
"1803","Poweshiek",2008,705188000,37066
"1804","Poweshiek",2009,671215000,35405
"1805","Poweshiek",2010,669817000,35378
"1806","Poweshiek",2011,736769000,38912
"1807","Poweshiek",2012,759926000,40435
"1808","Poweshiek",2013,784563000,41944
"1809","Poweshiek",2014,780178000,41634
"1810","Poweshiek",2015,799454000,43169
"1811","Poweshiek",2016,761929000,41268
"1812","Poweshiek",2017,781199000,42109
"1813","Poweshiek",2018,823345000,44074
"1814","Poweshiek",2019,836003000,44694
"1815","Poweshiek",2020,884253000,47469
"1816","Poweshiek",2021,986753000,53043
"1817","Poweshiek",2022,1038364000,56228
"1818","Ringgold",2000,116518000,21321
"1819","Ringgold",2001,110957000,20491
"1820","Ringgold",2002,111742000,20929
"1821","Ringgold",2003,111606000,20931
"1822","Ringgold",2004,135400000,25380
"1823","Ringgold",2005,132186000,24922
"1824","Ringgold",2006,134224000,25664
"1825","Ringgold",2007,136327000,26212
"1826","Ringgold",2008,153903000,29803
"1827","Ringgold",2009,162582000,31761
"1828","Ringgold",2010,164189000,32137
"1829","Ringgold",2011,183877000,36578
"1830","Ringgold",2012,185997000,37289
"1831","Ringgold",2013,205887000,41864
"1832","Ringgold",2014,204715000,41847
"1833","Ringgold",2015,205791000,42058
"1834","Ringgold",2016,202541000,41394
"1835","Ringgold",2017,214422000,43670
"1836","Ringgold",2018,224677000,46915
"1837","Ringgold",2019,225496000,47775
"1838","Ringgold",2020,230448000,49644
"1839","Ringgold",2021,267801000,57890
"1840","Ringgold",2022,267800000,57345
"1841","Sac",2000,282660000,24620
"1842","Sac",2001,302841000,26558
"1843","Sac",2002,298693000,26863
"1844","Sac",2003,288058000,26266
"1845","Sac",2004,346593000,31882
"1846","Sac",2005,335521000,31310
"1847","Sac",2006,330985000,30913
"1848","Sac",2007,370694000,35197
"1849","Sac",2008,417911000,39896
"1850","Sac",2009,391287000,37835
"1851","Sac",2010,425202000,41043
"1852","Sac",2011,496025000,48402
"1853","Sac",2012,496550000,48658
"1854","Sac",2013,544771000,53980
"1855","Sac",2014,506717000,50026
"1856","Sac",2015,504811000,50165
"1857","Sac",2016,442875000,44622
"1858","Sac",2017,495063000,49825
"1859","Sac",2018,518951000,52782
"1860","Sac",2019,535409000,54351
"1861","Sac",2020,532738000,54394
"1862","Sac",2021,657213000,67441
"1863","Sac",2022,753850000,77933
"1864","Scott",2000,4610470000,29067
"1865","Scott",2001,4796141000,30316
"1866","Scott",2002,4909236000,31054
"1867","Scott",2003,5006070000,31674
"1868","Scott",2004,5407840000,34195
"1869","Scott",2005,5688115000,35877
"1870","Scott",2006,6097307000,38204
"1871","Scott",2007,6664288000,41632
"1872","Scott",2008,7125895000,44035
"1873","Scott",2009,6949134000,42481
"1874","Scott",2010,7292982000,44114
"1875","Scott",2011,7782016000,46642
"1876","Scott",2012,7992654000,47371
"1877","Scott",2013,7991543000,46803
"1878","Scott",2014,8215959000,47762
"1879","Scott",2015,8405615000,48652
"1880","Scott",2016,8586435000,49577
"1881","Scott",2017,8994936000,51796
"1882","Scott",2018,9230177000,53009
"1883","Scott",2019,9366970000,53636
"1884","Scott",2020,9899085000,56697
"1885","Scott",2021,10697219000,61380
"1886","Scott",2022,10968288000,63064
"1887","Shelby",2000,331734000,25457
"1888","Shelby",2001,349928000,26938
"1889","Shelby",2002,358313000,27843
"1890","Shelby",2003,345394000,26944
"1891","Shelby",2004,382637000,30011
"1892","Shelby",2005,379082000,30213
"1893","Shelby",2006,387418000,31043
"1894","Shelby",2007,423482000,33889
"1895","Shelby",2008,489408000,39667
"1896","Shelby",2009,470188000,38651
"1897","Shelby",2010,483066000,39641
"1898","Shelby",2011,553706000,46019
"1899","Shelby",2012,559654000,46272
"1900","Shelby",2013,583677000,48660
"1901","Shelby",2014,563662000,46956
"1902","Shelby",2015,573615000,48025
"1903","Shelby",2016,561295000,47435
"1904","Shelby",2017,563095000,47797
"1905","Shelby",2018,590017000,50048
"1906","Shelby",2019,594684000,50706
"1907","Shelby",2020,617566000,52680
"1908","Shelby",2021,742588000,63076
"1909","Shelby",2022,774884000,66542
"1910","Sioux",2000,776133000,24554
"1911","Sioux",2001,826584000,25870
"1912","Sioux",2002,849509000,26412
"1913","Sioux",2003,899979000,27848
"1914","Sioux",2004,951412000,29232
"1915","Sioux",2005,1003294000,30657
"1916","Sioux",2006,1047663000,31673
"1917","Sioux",2007,1095548000,33048
"1918","Sioux",2008,1176961000,35276
"1919","Sioux",2009,1059726000,31552
"1920","Sioux",2010,1174417000,34772
"1921","Sioux",2011,1363693000,39966
"1922","Sioux",2012,1499904000,43515
"1923","Sioux",2013,1553955000,44689
"1924","Sioux",2014,1640540000,46882
"1925","Sioux",2015,1757486000,49940
"1926","Sioux",2016,1654666000,46652
"1927","Sioux",2017,1766809000,49942
"1928","Sioux",2018,1835331000,51784
"1929","Sioux",2019,1759507000,49271
"1930","Sioux",2020,1953931000,54447
"1931","Sioux",2021,2130142000,59185
"1932","Sioux",2022,2427942000,67349
"1933","Story",2000,2122986000,26487
"1934","Story",2001,2178314000,27141
"1935","Story",2002,2254229000,27529
"1936","Story",2003,2344586000,28569
"1937","Story",2004,2468778000,29833
"1938","Story",2005,2547927000,30741
"1939","Story",2006,2745411000,32398
"1940","Story",2007,2936724000,33935
"1941","Story",2008,3095906000,35248
"1942","Story",2009,2984167000,33423
"1943","Story",2010,2996670000,33419
"1944","Story",2011,3220461000,35307
"1945","Story",2012,3569302000,38740
"1946","Story",2013,3410534000,36256
"1947","Story",2014,3599673000,37469
"1948","Story",2015,3732666000,38495
"1949","Story",2016,3771881000,38775
"1950","Story",2017,3871740000,39652
"1951","Story",2018,4065986000,41876
"1952","Story",2019,4221395000,43150
"1953","Story",2020,4423033000,44838
"1954","Story",2021,4825898000,48421
"1955","Story",2022,4958542000,49748
"1956","Tama",2000,420725000,23265
"1957","Tama",2001,430141000,23791
"1958","Tama",2002,444872000,24692
"1959","Tama",2003,440587000,24436
"1960","Tama",2004,522709000,28772
"1961","Tama",2005,518868000,28514
"1962","Tama",2006,542821000,29909
"1963","Tama",2007,594035000,32885
"1964","Tama",2008,644719000,35846
"1965","Tama",2009,634286000,35568
"1966","Tama",2010,647369000,36523
"1967","Tama",2011,710112000,40238
"1968","Tama",2012,729112000,41512
"1969","Tama",2013,721913000,41196
"1970","Tama",2014,704807000,40441
"1971","Tama",2015,725646000,41797
"1972","Tama",2016,726216000,41768
"1973","Tama",2017,722987000,41934
"1974","Tama",2018,756806000,44312
"1975","Tama",2019,773931000,45104
"1976","Tama",2020,834842000,48887
"1977","Tama",2021,960413000,56917
"1978","Tama",2022,978981000,57918
"1979","Taylor",2000,149021000,21362
"1980","Taylor",2001,145930000,21168
"1981","Taylor",2002,148917000,21858
"1982","Taylor",2003,150743000,22342
"1983","Taylor",2004,180050000,26917
"1984","Taylor",2005,179663000,27497
"1985","Taylor",2006,183489000,27984
"1986","Taylor",2007,204254000,31677
"1987","Taylor",2008,219482000,34575
"1988","Taylor",2009,210230000,33081
"1989","Taylor",2010,211591000,33501
"1990","Taylor",2011,236117000,37652
"1991","Taylor",2012,231162000,37242
"1992","Taylor",2013,238115000,38705
"1993","Taylor",2014,229165000,37723
"1994","Taylor",2015,231331000,37781
"1995","Taylor",2016,232568000,38276
"1996","Taylor",2017,242289000,40714
"1997","Taylor",2018,252159000,42005
"1998","Taylor",2019,258373000,43213
"1999","Taylor",2020,268438000,45769
"2000","Taylor",2021,326712000,55629
"2001","Taylor",2022,337367000,57591
"2002","Union",2000,277312000,22581
"2003","Union",2001,283061000,23126
"2004","Union",2002,286671000,23569
"2005","Union",2003,280913000,23402
"2006","Union",2004,312714000,25876
"2007","Union",2005,319973000,26350
"2008","Union",2006,339775000,27793
"2009","Union",2007,356027000,28901
"2010","Union",2008,394444000,31690
"2011","Union",2009,394633000,31503
"2012","Union",2010,416029000,33253
"2013","Union",2011,448776000,35765
"2014","Union",2012,445545000,35437
"2015","Union",2013,457602000,36326
"2016","Union",2014,462192000,36676
"2017","Union",2015,455462000,36719
"2018","Union",2016,450193000,36500
"2019","Union",2017,474073000,38130
"2020","Union",2018,496338000,40504
"2021","Union",2019,501012000,41148
"2022","Union",2020,526856000,43427
"2023","Union",2021,591916000,49179
"2024","Union",2022,594749000,50034
"2025","Van Buren",2000,161048000,20666
"2026","Van Buren",2001,161115000,20881
"2027","Van Buren",2002,168490000,21819
"2028","Van Buren",2003,178713000,23294
"2029","Van Buren",2004,192639000,25132
"2030","Van Buren",2005,188039000,24619
"2031","Van Buren",2006,195040000,25462
"2032","Van Buren",2007,207565000,26992
"2033","Van Buren",2008,223881000,29079
"2034","Van Buren",2009,225613000,29577
"2035","Van Buren",2010,226473000,29878
"2036","Van Buren",2011,240210000,31905
"2037","Van Buren",2012,253435000,33877
"2038","Van Buren",2013,262997000,35160
"2039","Van Buren",2014,263244000,35335
"2040","Van Buren",2015,258343000,35053
"2041","Van Buren",2016,261947000,35736
"2042","Van Buren",2017,272104000,37511
"2043","Van Buren",2018,282030000,39617
"2044","Van Buren",2019,287279000,40072
"2045","Van Buren",2020,296775000,41122
"2046","Van Buren",2021,342479000,47167
"2047","Van Buren",2022,348256000,47996
"2048","Wapello",2000,796258000,22114
"2049","Wapello",2001,835959000,23255
"2050","Wapello",2002,863344000,24118
"2051","Wapello",2003,877169000,24536
"2052","Wapello",2004,934516000,26170
"2053","Wapello",2005,953626000,26597
"2054","Wapello",2006,1002673000,28026
"2055","Wapello",2007,1058795000,29861
"2056","Wapello",2008,1131641000,31984
"2057","Wapello",2009,1106527000,31186
"2058","Wapello",2010,1104952000,30961
"2059","Wapello",2011,1135256000,31952
"2060","Wapello",2012,1166918000,32859
"2061","Wapello",2013,1178930000,33092
"2062","Wapello",2014,1197121000,33647
"2063","Wapello",2015,1242877000,34868
"2064","Wapello",2016,1264922000,35631
"2065","Wapello",2017,1323055000,37470
"2066","Wapello",2018,1356372000,38355
"2067","Wapello",2019,1380753000,38902
"2068","Wapello",2020,1501128000,42489
"2069","Wapello",2021,1595141000,45210
"2070","Wapello",2022,1604810000,45795
"2071","Warren",2000,1071308000,26266
"2072","Warren",2001,1133305000,27588
"2073","Warren",2002,1177140000,28418
"2074","Warren",2003,1213466000,28764
"2075","Warren",2004,1341034000,31491
"2076","Warren",2005,1405713000,32435
"2077","Warren",2006,1511070000,34204
"2078","Warren",2007,1604594000,35763
"2079","Warren",2008,1739248000,38267
"2080","Warren",2009,1730887000,37689
"2081","Warren",2010,1764528000,38071
"2082","Warren",2011,1868455000,40020
"2083","Warren",2012,1952692000,41575
"2084","Warren",2013,1994173000,42019
"2085","Warren",2014,2081770000,43400
"2086","Warren",2015,2180052000,44825
"2087","Warren",2016,2343031000,47273
"2088","Warren",2017,2457024000,48847
"2089","Warren",2018,2549933000,49706
"2090","Warren",2019,2676070000,51635
"2091","Warren",2020,2870242000,54580
"2092","Warren",2021,3176942000,59397
"2093","Warren",2022,3287573000,60515
"2094","Washington",2000,584338000,28204
"2095","Washington",2001,602428000,28600
"2096","Washington",2002,611387000,28965
"2097","Washington",2003,622554000,29380
"2098","Washington",2004,671441000,31585
"2099","Washington",2005,680637000,31880
"2100","Washington",2006,728600000,33933
"2101","Washington",2007,761244000,35262
"2102","Washington",2008,829062000,38230
"2103","Washington",2009,800844000,36919
"2104","Washington",2010,850030000,39172
"2105","Washington",2011,956157000,43684
"2106","Washington",2012,1002103000,45498
"2107","Washington",2013,1094033000,49457
"2108","Washington",2014,1155123000,51895
"2109","Washington",2015,1122021000,50017
"2110","Washington",2016,1101742000,49027
"2111","Washington",2017,1198322000,52986
"2112","Washington",2018,1262176000,56034
"2113","Washington",2019,1325912000,58901
"2114","Washington",2020,1322067000,58654
"2115","Washington",2021,1604354000,71324
"2116","Washington",2022,1781497000,78929
"2117","Wayne",2000,144104000,21419
"2118","Wayne",2001,141319000,21235
"2119","Wayne",2002,150885000,22638
"2120","Wayne",2003,149116000,22546
"2121","Wayne",2004,165850000,25278
"2122","Wayne",2005,162863000,25079
"2123","Wayne",2006,161161000,24878
"2124","Wayne",2007,172790000,27100
"2125","Wayne",2008,192493000,30204
"2126","Wayne",2009,198965000,31122
"2127","Wayne",2010,199383000,31052
"2128","Wayne",2011,228800000,36043
"2129","Wayne",2012,222137000,34982
"2130","Wayne",2013,234047000,36484
"2131","Wayne",2014,221480000,34520
"2132","Wayne",2015,230784000,36009
"2133","Wayne",2016,229852000,35378
"2134","Wayne",2017,251900000,38411
"2135","Wayne",2018,269031000,41684
"2136","Wayne",2019,272017000,41842
"2137","Wayne",2020,288603000,44373
"2138","Wayne",2021,340888000,52356
"2139","Wayne",2022,343753000,53155
"2140","Webster",2000,1002826000,24925
"2141","Webster",2001,1036363000,25880
"2142","Webster",2002,1079428000,27221
"2143","Webster",2003,1075095000,27303
"2144","Webster",2004,1114173000,28626
"2145","Webster",2005,1121966000,29095
"2146","Webster",2006,1221791000,31707
"2147","Webster",2007,1303792000,33959
"2148","Webster",2008,1388974000,36291
"2149","Webster",2009,1304962000,34058
"2150","Webster",2010,1303480000,34384
"2151","Webster",2011,1433953000,37850
"2152","Webster",2012,1461837000,38910
"2153","Webster",2013,1526106000,40497
"2154","Webster",2014,1554386000,41420
"2155","Webster",2015,1572458000,41781
"2156","Webster",2016,1602599000,42780
"2157","Webster",2017,1564845000,41842
"2158","Webster",2018,1619731000,43533
"2159","Webster",2019,1666405000,45134
"2160","Webster",2020,1722390000,46570
"2161","Webster",2021,1911213000,51407
"2162","Webster",2022,1959778000,53508
"2163","Winnebago",2000,266622000,22637
"2164","Winnebago",2001,265767000,22939
"2165","Winnebago",2002,271600000,23818
"2166","Winnebago",2003,274926000,24091
"2167","Winnebago",2004,306188000,27046
"2168","Winnebago",2005,302551000,26680
"2169","Winnebago",2006,317276000,28486
"2170","Winnebago",2007,354542000,32272
"2171","Winnebago",2008,372505000,34090
"2172","Winnebago",2009,352761000,32313
"2173","Winnebago",2010,383813000,35361
"2174","Winnebago",2011,412407000,38374
"2175","Winnebago",2012,437603000,40928
"2176","Winnebago",2013,442649000,41914
"2177","Winnebago",2014,429833000,40070
"2178","Winnebago",2015,440398000,40740
"2179","Winnebago",2016,410247000,37860
"2180","Winnebago",2017,421464000,38820
"2181","Winnebago",2018,446192000,41059
"2182","Winnebago",2019,438064000,40933
"2183","Winnebago",2020,468059000,43900
"2184","Winnebago",2021,548486000,51433
"2185","Winnebago",2022,584073000,55013
"2186","Winneshiek",2000,528822000,24868
"2187","Winneshiek",2001,543829000,25582
"2188","Winneshiek",2002,557360000,26312
"2189","Winneshiek",2003,573929000,27322
"2190","Winneshiek",2004,636603000,30257
"2191","Winneshiek",2005,637275000,30260
"2192","Winneshiek",2006,666638000,31727
"2193","Winneshiek",2007,701518000,33282
"2194","Winneshiek",2008,748972000,35699
"2195","Winneshiek",2009,702471000,33411
"2196","Winneshiek",2010,756070000,35867
"2197","Winneshiek",2011,825475000,39163
"2198","Winneshiek",2012,853316000,40461
"2199","Winneshiek",2013,869500000,41585
"2200","Winneshiek",2014,870133000,41861
"2201","Winneshiek",2015,894674000,42906
"2202","Winneshiek",2016,892830000,43455
"2203","Winneshiek",2017,922011000,45486
"2204","Winneshiek",2018,968982000,48034
"2205","Winneshiek",2019,990759000,49155
"2206","Winneshiek",2020,1086417000,54221
"2207","Winneshiek",2021,1178441000,59174
"2208","Winneshiek",2022,1219250000,61042
"2209","Woodbury",2000,2707901000,26091
"2210","Woodbury",2001,2790817000,27061
"2211","Woodbury",2002,2844662000,27708
"2212","Woodbury",2003,2883725000,28261
"2213","Woodbury",2004,3147156000,30910
"2214","Woodbury",2005,3372983000,33532
"2215","Woodbury",2006,3503942000,34798
"2216","Woodbury",2007,3831900000,38131
"2217","Woodbury",2008,4189307000,41515
"2218","Woodbury",2009,3791515000,37325
"2219","Woodbury",2010,3718823000,36296
"2220","Woodbury",2011,3745021000,36334
"2221","Woodbury",2012,3779329000,36713
"2222","Woodbury",2013,3789167000,36726
"2223","Woodbury",2014,3934054000,38026
"2224","Woodbury",2015,4131093000,39751
"2225","Woodbury",2016,4232945000,40578
"2226","Woodbury",2017,4176005000,40147
"2227","Woodbury",2018,4373584000,41808
"2228","Woodbury",2019,4605406000,43607
"2229","Woodbury",2020,4892678000,46199
"2230","Woodbury",2021,5271919000,49822
"2231","Woodbury",2022,5392308000,51029
"2232","Worth",2000,181264000,22962
"2233","Worth",2001,176357000,22619
"2234","Worth",2002,180226000,23121
"2235","Worth",2003,181352000,23449
"2236","Worth",2004,214330000,27723
"2237","Worth",2005,215856000,27881
"2238","Worth",2006,314936000,41173
"2239","Worth",2007,338566000,44228
"2240","Worth",2008,316509000,41471
"2241","Worth",2009,259283000,34071
"2242","Worth",2010,271147000,35753
"2243","Worth",2011,303948000,40162
"2244","Worth",2012,311264000,41441
"2245","Worth",2013,355101000,47284
"2246","Worth",2014,330539000,43561
"2247","Worth",2015,343371000,45546
"2248","Worth",2016,314048000,41795
"2249","Worth",2017,294384000,39220
"2250","Worth",2018,296185000,39634
"2251","Worth",2019,309169000,41383
"2252","Worth",2020,332080000,44664
"2253","Worth",2021,395971000,53655
"2254","Worth",2022,405607000,55418
"2255","Wright",2000,413065000,28831
"2256","Wright",2001,428885000,30346
"2257","Wright",2002,427780000,30650
"2258","Wright",2003,439615000,31785
"2259","Wright",2004,489753000,35469
"2260","Wright",2005,476652000,34749
"2261","Wright",2006,473585000,34853
"2262","Wright",2007,528583000,39178
"2263","Wright",2008,550622000,41168
"2264","Wright",2009,497774000,37534
"2265","Wright",2010,502352000,38063
"2266","Wright",2011,609066000,46508
"2267","Wright",2012,624426000,47543
"2268","Wright",2013,639751000,48661
"2269","Wright",2014,665532000,50727
"2270","Wright",2015,655415000,50001
"2271","Wright",2016,571746000,43509
"2272","Wright",2017,590008000,44956
"2273","Wright",2018,654369000,50021
"2274","Wright",2019,601033000,46194
"2275","Wright",2020,607875000,47067
"2276","Wright",2021,741796000,57903
"2277","Wright",2022,892998000,70420
